CASE_ID,ACCIDENT_YEAR,PROC_DATE,JURIS,COLLISION_DATE,COLLISION_TIME,OFFICER_ID,REPORTING_DISTRICT,DAY_OF_WEEK,CHP_SHIFT,POPULATION,CNTY_CITY_LOC,SPECIAL_COND,BEAT_TYPE,CHP_BEAT_TYPE,CITY_DIVISION_LAPD,CHP_BEAT_CLASS,BEAT_NUMBER,PRIMARY_RD,SECONDARY_RD,DISTANCE,DIRECTION,INTERSECTION,WEATHER_1,WEATHER_2,STATE_HWY_IND,CALTRANS_COUNTY,CALTRANS_DISTRICT,STATE_ROUTE,ROUTE_SUFFIX,POSTMILE_PREFIX,POSTMILE,LOCATION_TYPE,RAMP_INTERSECTION,SIDE_OF_HWY,TOW_AWAY,COLLISION_SEVERITY,NUMBER_KILLED,NUMBER_INJURED,PARTY_COUNT,PRIMARY_COLL_FACTOR,PCF_CODE_OF_VIOL,PCF_VIOL_CATEGORY,PCF_VIOLATION,PCF_VIOL_SUBSECTION,HIT_AND_RUN,TYPE_OF_COLLISION,MVIW,PED_ACTION,ROAD_SURFACE,ROAD_COND_1,ROAD_COND_2,LIGHTING,CONTROL_DEVICE,CHP_ROAD_TYPE,PEDESTRIAN_ACCIDENT,BICYCLE_ACCIDENT,MOTORCYCLE_ACCIDENT,TRUCK_ACCIDENT,NOT_PRIVATE_PROPERTY,ALCOHOL_INVOLVED,STWD_VEHTYPE_AT_FAULT,CHP_VEHTYPE_AT_FAULT,COUNT_SEVERE_INJ,COUNT_VISIBLE_INJ,COUNT_COMPLAINT_PAIN,COUNT_PED_KILLED,COUNT_PED_INJURED,COUNT_BICYCLIST_KILLED,COUNT_BICYCLIST_INJURED,COUNT_MC_KILLED,COUNT_MC_INJURED,PRIMARY_RAMP,SECONDARY_RAMP,LATITUDE,LONGITUDE,COUNTY,CITY,POINT_X,POINT_Y
6292300,2015,2015-06-30,5407,2015-04-18,1637,M222,480,6,5,5,5407,0,0,0,,0,011,"PLAZA DR","RT 198",0.00,,Y,A,-,Y,TUL,6,198,-,R,4.626,R,4,W,Y,1,1,0,2,A,-,03,22350,,N,F,A,A,A,H,-,A,A,0,,,Y,,Y,Y,C,02,0,0,0,0,0,0,0,1,0,"- ",WO,,,TULARE,VISALIA,-119.39316354,36.327264309999997
6777975,2015,2016-10-20,9480,2015-01-09,1915,19258,,5,2,5,5407,0,1,3,,1,064,"RT 198","LINWOOD AV",5.00,W,N,A,-,Y,TUL,6,198,-,-,7.250,H,-,E,N,4,0,1,1,A,-,08,22107,,N,E,I,A,A,H,-,C,D,1,,,,,Y,,A,01,0,0,1,0,0,0,0,0,0,"- ","- ",36.327350000000003,-119.34119,TULARE,VISALIA,-119.34092776999999,36.327392750000001
6782202,2015,2016-10-20,9480,2015-01-05,1403,012568,,1,2,9,5400,0,1,3,,1,064,"RT 198","CHINOWTH ST",798.00,W,N,A,-,Y,TUL,6,198,-,-,7.360,H,-,W,Y,4,0,1,1,A,-,08,22107,,N,E,I,A,A,H,-,A,D,1,,,,,Y,,A,01,0,0,1,0,0,0,0,0,0,"- ","- ",36.327620000000003,-119.33917,TULARE,UNINCORPORATED,-119.33895858,36.327399739999997
6797242,2015,2016-10-20,9480,2015-01-14,0920,017291,,3,1,9,5400,0,1,3,,1,034,"RT 198","ROAD 64",0.00,,Y,E,-,Y,TUL,6,198,-,-,2.510,I,5,W,Y,2,0,2,3,A,-,09,21802,A,N,D,C,A,A,H,-,A,D,0,,,,Y,Y,,G,25,1,0,1,0,0,0,0,0,0,"- ","- ",36.32761,-119.43040999999999,TULARE,UNINCORPORATED,-119.430432,36.327561000000003
6797246,2015,2016-10-20,9480,2015-01-12,0730,017291,,1,1,9,5400,0,1,3,,1,034,"RT 198","ROAD 56",10.00,E,N,E,-,Y,TUL,6,198,-,-,1.500,H,-,E,Y,3,0,1,2,A,-,09,21801,A,N,D,C,A,B,H,-,A,D,0,,,,Y,Y,,G,25,0,1,0,0,0,0,0,0,0,"- ","- ",36.327330000000003,-119.44817999999999,TULARE,UNINCORPORATED,-119.44854091000001,36.327339969999997
6797476,2015,2016-10-20,9480,2015-01-16,1535,017790,,5,2,5,5407,0,1,3,,1,064,"RT 198","MOONEY BL",1056.00,E,N,A,-,Y,TUL,6,198,-,R,8.760,H,-,W,N,4,0,1,2,A,-,07,21658,A,N,B,C,A,A,H,-,A,D,1,,,,,Y,,A,08,0,0,1,0,0,0,0,0,0,"- ","- ",36.327089999999998,-119.30793,TULARE,VISALIA,-119.31393335,36.32700354
6811386,2015,2016-10-20,9480,2015-01-20,1845,16856,,2,2,9,5400,0,1,3,,1,034,"RT 198","RT 99",20.00,W,N,B,-,Y,TUL,6,198,-,R,38.688,R,1,W,Y,4,0,1,1,C,-,18,,,N,E,J,A,B,H,-,C,D,0,,,,,Y,,-,"- ",0,0,1,0,0,0,0,0,0,WO,"- ",36.326259999999998,-119.40716999999999,TULARE,UNINCORPORATED,-118.90424650999999,36.44052507
6811438,2015,2016-10-20,9480,2015-01-25,0750,13821,,7,1,5,5407,0,1,3,,1,064,"RT 198","BEN MADDOX WY",453.00,W,N,E,-,Y,TUL,6,198,-,R,10.813,R,2,W,Y,3,0,1,1,A,-,03,22350,,N,F,I,A,B,H,-,A,D,1,,,,,Y,,D,22,0,1,0,0,0,0,0,0,0,"- ","- ",36.326639999999998,-119.27667,TULARE,VISALIA,-119.2771492,36.326509639999998
6811928,2015,2016-10-20,9480,2015-01-25,1345,013821,,7,1,9,5400,0,1,3,,1,044,"RT 198","SIERRA DR",1584.00,E,N,A,-,Y,TUL,6,198,-,-,43.760,H,-,W,Y,3,0,1,1,A,-,03,22350,,N,F,I,A,A,H,-,A,D,0,,,Y,,Y,,C,02,0,1,0,0,0,0,0,0,1,"- ","- ",35.534199999999998,-120.03,TULARE,UNINCORPORATED,-118.84314857,36.478065399999998
6811983,2015,2016-10-20,9480,2015-01-16,1510,020612,,5,2,5,5407,0,1,3,,1,064,"RT 198","AKERS ST",100.00,W,N,A,-,Y,TUL,6,198,-,-,6.730,H,-,E,Y,4,0,2,2,A,-,03,22350,,N,C,C,A,A,B,H,A,D,1,,,,,Y,,A,01,0,0,2,0,0,0,0,0,0,"- ","- ",36.327080000000002,-119.35057,TULARE,VISALIA,-119.35023979,36.327240260000004
6812601,2015,2016-10-20,9480,2015-02-03,1534,13010,,2,2,5,5407,0,1,3,,1,064,"RT 198",LINWOOD,300.00,E,N,A,-,Y,TUL,6,198,-,-,7.310,H,-,E,Y,4,0,1,2,A,-,03,22350,,N,C,C,A,A,H,-,A,D,1,,,Y,,Y,,C,02,0,0,1,0,0,0,0,0,1,"- ","- ",,,TULARE,VISALIA,-119.33984977,36.327396759999999
6814121,2015,2016-10-20,9480,2015-02-03,1520,12251,,2,2,5,5407,0,1,3,,1,064,"RT 198","COUNTY CENTER DR",322.00,W,N,A,-,Y,TUL,6,198,-,-,7.936,R,1,E,Y,3,0,2,3,A,-,13,21718,,N,C,C,A,A,B,-,A,D,1,,,,,Y,,A,01,0,1,1,0,0,0,0,0,0,FR,"- ",,,TULARE,VISALIA,-119.32865279000001,36.327089749999999
6818899,2015,2016-10-20,9480,2015-02-06,1655,018742,,5,2,9,5400,0,1,3,,1,064,"RT 198","SHIRK RD",2640.00,E,N,-,-,Y,TUL,6,198,-,-,6.260,H,-,E,Y,4,0,1,2,A,-,03,22350,,M,C,C,A,-,-,-,-,D,1,,,,,Y,,D,22,0,0,1,0,0,0,0,0,0,"- ","- ",36.32714,-119.35916,TULARE,UNINCORPORATED,-119.35869175000001,36.327193979999997
6820623,2015,2016-10-20,9480,2015-02-14,0055,017778,,6,3,9,5400,0,1,3,,1,064,"RT 198","RT 99",20.00,E,N,A,-,Y,TUL,6,198,-,R,3.710,H,-,E,Y,4,0,1,1,A,-,01,23152,A,N,E,I,A,A,H,-,D,D,0,,,,,Y,Y,A,01,0,0,1,0,0,0,0,0,0,"- ","- ",,,TULARE,UNINCORPORATED,-119.40910212,36.326638580000001
6820685,2015,2016-10-20,9480,2015-02-06,1633,016233,,5,2,9,5400,0,1,3,,1,064,"RT 198","LINWOOD ST",709.00,W,N,A,-,Y,TUL,6,198,-,-,7.120,H,-,E,Y,3,0,3,3,A,-,07,21658,A,N,B,C,A,A,-,-,A,D,1,,,,,Y,,A,01,0,3,0,0,0,0,0,0,0,"- ","- ",36.327719999999999,-119.34196,TULARE,UNINCORPORATED,-119.34325045999999,36.327384270000003
6820688,2015,2016-10-20,9480,2015-02-10,0650,012568,,2,1,9,5400,0,1,3,,1,064,"RT 198","ROAD 182",1056.00,E,N,B,-,Y,TUL,6,198,-,R,17.210,H,-,W,Y,3,0,1,1,A,-,08,22107,,N,F,A,A,A,H,-,A,D,0,,,,,Y,,A,01,0,1,0,0,0,0,0,0,0,"- ","- ",36.326349999999998,-119.16271999999999,TULARE,UNINCORPORATED,-119.16271451,36.326562099999997
6820689,2015,2016-10-20,9480,2015-02-10,0755,012568,,2,1,9,5400,0,1,3,,1,064,"RT 198","SANTA FE ST",39.00,W,N,B,-,Y,TUL,6,198,-,R,10.210,H,-,W,Y,4,0,1,2,A,-,03,22350,,N,C,C,A,A,H,-,A,D,1,,,,,Y,,A,01,0,0,1,0,0,0,0,0,0,"- ","- ",36.326979999999999,-119.28801,TULARE,UNINCORPORATED,-119.28793357000001,36.326909030000003
6829597,2015,2016-10-20,9480,2015-03-20,0805,015689,,5,1,9,5400,0,1,3,,1,064,"RT 198","GIDDINGS AV",150.00,E,N,A,-,Y,TUL,6,198,-,R,9.260,H,-,W,Y,4,0,1,2,A,-,03,22350,,N,C,C,A,A,H,-,A,D,1,,,,,Y,,D,22,0,0,1,0,0,0,0,0,0,"- ","- ",36.327379999999998,-119.30383,TULARE,UNINCORPORATED,-119.30496801,36.326950060000001
6839992,2015,2016-10-20,9480,2015-03-02,0725,12568,,1,1,9,5400,0,1,3,,1,064,"RT 198","RT 99",2640.00,E,N,B,C,Y,TUL,6,198,-,R,39.216,R,2,W,Y,3,0,1,1,A,-,03,22350,,N,E,I,A,B,H,-,A,D,0,,,,,Y,,A,01,0,1,0,0,0,0,0,0,0,TO,"- ",36.328740000000003,-119.40424,TULARE,UNINCORPORATED,-118.90120641999999,36.447736390000003
6840734,2015,2016-10-20,9480,2015-03-02,0915,16046,,1,1,9,5400,0,1,3,,1,034,"RT 198","ROAD 68",1056.00,E,N,B,-,Y,TUL,6,198,-,-,3.210,H,-,W,Y,3,0,1,2,C,-,18,,,N,C,E,A,B,H,-,A,D,0,,,,Y,Y,,-,"- ",0,1,0,0,0,0,0,0,0,"- ","- ",36.327500000000001,-119.41734,TULARE,UNINCORPORATED,-119.41744894999999,36.327436579999997
6858641,2015,2016-10-20,9480,2015-02-27,1300,013914,,5,1,5,5407,0,1,3,,1,064,"RT 198","PLAZA DR",18.00,E,N,A,-,Y,TUL,6,198,-,R,4.961,R,2,E,Y,3,0,1,2,A,-,08,22107,,N,C,C,A,A,H,-,A,D,1,,,Y,,Y,,C,02,0,1,0,0,0,0,0,0,1,FR,EO,36.326459999999997,-119.38939000000001,TULARE,VISALIA,-119.38692204,36.327171470000003
6858739,2015,2016-10-20,9480,2015-03-14,0855,020612,,6,1,5,5407,0,1,3,,1,064,"RT 198","COUNTY CENTER DR",500.00,W,N,A,-,Y,TUL,6,198,-,-,8.086,R,1,W,Y,4,0,1,2,A,-,03,22350,,N,C,C,A,A,H,-,A,A,1,,,,,Y,,A,01,0,0,1,0,0,0,0,0,0,TO,"- ",36.327449999999999,-119.32943,TULARE,VISALIA,-119.32597699999999,36.327156019999997
6866155,2015,2016-09-07,5407,2015-03-19,1826,A203,480,4,5,5,5407,0,0,0,,0,026,"RT 216",HOUSTON,0.00,,Y,A,-,Y,TUL,6,216,-,-,1.960,I,5,W,Y,3,0,3,2,-,-,"- ",,,N,D,C,A,A,H,-,A,A,0,,,,,Y,,-,"- ",0,2,1,0,0,0,0,0,0,"- ","- ",,,TULARE,VISALIA,-119.25986277,36.341981939999997
6869537,2015,2016-10-20,9480,2015-03-17,1505,013656,,2,2,9,5400,0,1,3,,1,064,"RT 198","RT 65",0.00,,Y,A,-,Y,TUL,6,198,-,R,18.761,I,5,E,Y,3,0,3,2,A,-,12,21453,A,N,D,C,A,A,H,-,A,A,0,,,,,Y,,A,01,0,3,0,0,0,0,0,0,0,"- ","- ",36.326120000000003,-119.13427,TULARE,UNINCORPORATED,-119.13490453999999,36.326137039999999
6869541,2015,2016-10-20,9480,2015-03-19,1455,013914,,4,2,9,5400,0,1,3,,1,044,"RT 198","PIERCE DR",685.00,W,N,A,-,Y,TUL,6,198,-,-,36.660,H,-,E,Y,3,0,1,1,A,-,08,22107,,N,E,I,A,A,H,-,A,D,0,,,,,Y,Y,A,07,0,1,0,0,0,0,0,0,0,"- ","- ",36.411799999999999,-118.93018000000001,TULARE,UNINCORPORATED,-118.92353375,36.41670714
6870603,2015,2016-10-20,9480,2015-03-30,1815,12046,,1,2,9,5400,0,1,3,,1,064,"RT 198","LOVERS LN",1584.00,W,N,A,-,Y,TUL,6,198,-,R,11.420,H,-,E,Y,3,0,3,1,A,-,01,23152,A,N,E,I,A,A,H,-,A,D,1,,,,,Y,Y,A,07,0,2,1,0,0,0,0,0,0,"- ","- ",36.327089999999998,-119.26533999999999,TULARE,UNINCORPORATED,-119.26641642,36.327129130000003
6875837,2015,2016-09-07,5407,2015-03-14,1504,C39,480,6,5,5,5407,0,0,0,,0,026,"RT 216","MINERAL KING",0.00,,Y,A,-,Y,TUL,6,216,-,R,0.038,I,5,E,Y,3,0,1,3,A,-,12,21453,A,N,D,C,A,A,H,-,A,A,0,,,,,Y,,A,01,0,1,0,0,0,0,0,0,0,"- ","- ",,,TULARE,VISALIA,-119.26078009,36.328172520000003
6878601,2015,2016-11-05,9480,2015-04-05,1300,012568,,7,1,5,5407,0,1,3,,1,064,"RT 198","GIDDINGS AV",50.00,E,N,A,-,Y,TUL,6,198,-,R,9.240,H,-,E,N,4,0,1,2,A,-,01,23152,A,N,C,C,A,A,H,-,A,D,1,,,,,Y,Y,A,01,0,0,1,0,0,0,0,0,0,"- ","- ",36.326839999999997,-119.30525,TULARE,VISALIA,-119.30532719,36.32695202
6887026,2015,2016-11-05,9480,2015-04-16,1140,013914,,4,1,5,5407,0,1,3,,1,064,"RT 198","S BEN MADDOX WY",2112.00,E,N,A,-,Y,TUL,6,198,-,R,11.130,H,-,W,Y,4,0,2,2,A,-,03,22350,,N,C,C,A,A,H,-,A,D,1,,,,,Y,,A,01,0,0,2,0,0,0,0,0,0,"- ","- ",36.326740000000001,-119.27154,TULARE,VISALIA,-119.27146955000001,36.326592650000002
6887030,2015,2016-11-05,9480,2015-04-08,1755,019258,,3,2,5,5407,0,1,3,,1,064,"RT 198","GIDDINGS ST",20.00,W,N,A,-,Y,TUL,6,198,-,R,9.230,H,-,E,N,4,0,1,2,A,-,03,22350,,N,C,C,A,A,H,-,A,D,1,,,,,Y,,A,01,0,0,1,0,0,0,0,0,0,"- ","- ",36.326799999999999,-119.30575,TULARE,VISALIA,-119.30550662,36.326953099999997
6895758,2015,2016-11-05,9480,2015-04-18,1143,016210,,6,1,9,5400,0,1,3,,1,040,"RT 216","ROAD 152",26.00,E,N,A,-,Y,TUL,6,216,-,-,3.550,H,-,W,Y,4,0,1,2,A,-,03,22350,,N,C,D,A,A,H,-,A,D,0,,,,,Y,,A,01,0,0,1,0,0,0,0,0,0,"- ","- ",,,TULARE,UNINCORPORATED,-119.2333297,36.34597505
6896255,2015,2016-11-05,9480,2015-04-25,2047,17854,,6,2,5,5407,0,1,3,,1,064,"RT 198","LOVERS LN",2640.00,E,N,A,-,Y,TUL,6,198,-,R,12.250,H,-,E,Y,2,0,2,2,A,-,01,23152,A,N,C,C,A,A,H,-,D,D,1,,,,,Y,Y,A,01,1,0,1,0,0,0,0,0,0,"- ","- ",36.327089999999998,-119.24039,TULARE,VISALIA,-119.25165029,36.327031519999998
6896283,2015,2016-11-05,9480,2015-04-14,0750,12568,,2,1,9,5400,0,1,3,,1,064,"RT 198","PLAZA DR",200.00,E,N,A,-,Y,TUL,6,198,-,R,4.000,H,-,E,Y,3,0,1,3,A,-,03,22350,,N,C,C,A,A,H,-,A,D,1,,,,,Y,,D,22,0,1,0,0,0,0,0,0,0,"- ","- ",36.327179999999998,-119.38885000000001,TULARE,UNINCORPORATED,-119.40399406,36.326511340000003
6898680,2015,2016-11-05,9480,2015-04-28,2500,016145,,2,4,9,5400,0,1,3,,1,064,"RT 198","RT 99",1320.00,E,N,A,-,Y,TUL,6,198,-,-,4.090,H,-,W,Y,2,0,1,1,A,-,08,22107,,N,F,A,A,A,H,-,D,D,1,,,Y,,Y,,C,02,1,0,0,0,0,0,0,0,1,"- ","- ",36.33023,-119.29206000000001,TULARE,UNINCORPORATED,-119.3998253,36.327252829999999
6904467,2015,2016-11-05,9480,2015-05-03,1520,16046,,7,2,5,5407,0,1,3,,1,064,"RT 198","PLAZA DR",528.00,E,N,A,-,Y,TUL,6,198,-,-,4.070,H,-,E,Y,4,0,1,2,A,-,03,22350,,N,C,C,A,A,H,-,A,D,1,,,,,Y,,A,01,0,0,1,0,0,0,0,0,0,"- ","- ",36.327039999999997,-119.38276,TULARE,VISALIA,-119.40010755,36.32721179
6911410,2015,2016-11-05,9480,2015-04-28,1610,012251,,2,2,5,5407,0,1,3,,1,064,"RT 198","RT 63",1584.00,W,N,A,-,Y,TUL,6,198,-,R,8.450,H,-,E,Y,4,0,1,1,A,-,03,22350,,N,E,I,A,A,H,-,A,D,1,,,,,Y,,A,01,0,0,1,0,0,0,0,0,0,"- ","- ",36.327260000000003,-119.32053000000001,TULARE,VISALIA,-119.31945653,36.327395420000002
6911411,2015,2016-11-05,9480,2015-04-28,1555,015689,,2,2,9,5400,0,1,3,,1,064,"RT 198","LOVERS LN",1000.00,W,N,A,-,Y,TUL,6,198,-,R,11.530,H,-,E,Y,3,0,1,2,A,-,03,22350,,N,C,C,A,A,D,-,A,D,1,,,,,Y,,A,01,0,1,0,0,0,0,0,0,0,"- ","- ",36.326619999999998,-119.27087,TULARE,UNINCORPORATED,-119.26446488000001,36.327336279999997
6916314,2015,2016-11-05,9480,2015-05-01,0805,015282,,5,1,9,5400,0,1,3,,1,040,"RT 216","AVE 336",0.00,,Y,A,-,Y,TUL,6,216,-,-,9.800,H,-,W,Y,4,0,1,2,A,-,09,21802,A,N,D,C,A,A,H,-,A,A,0,,,,Y,Y,,D,22,0,0,1,0,0,0,0,0,0,"- ","- ",36.3994,-119.16939000000001,TULARE,UNINCORPORATED,-119.16939386999999,36.399393269999997
6916922,2015,2016-11-05,9480,2015-05-06,1036,16046,,3,1,5,5407,0,1,3,,1,064,"RT 198","LOVERS LN",1056.00,E,N,A,-,Y,TUL,6,198,-,-,11.950,H,-,W,Y,3,0,1,1,A,-,03,22350,,N,F,A,A,A,H,-,A,D,1,,,Y,,Y,,C,02,0,1,0,0,0,0,0,0,1,"- ","- ",36.327129999999997,-119.24242,TULARE,VISALIA,-119.25689925,36.32724168
6916930,2015,2016-11-05,9480,2015-05-01,1620,013914,,5,2,9,5400,0,1,3,,1,044,"RT 198","CRAIG RANCH RD",10.00,E,N,A,-,Y,TUL,6,198,-,R,11.950,H,-,E,Y,4,0,1,1,A,-,08,22107,,N,E,I,A,A,H,-,A,D,1,,,,,Y,,A,01,0,0,1,0,0,0,0,0,0,"- ","- ",36.460189999999997,-118.87094,TULARE,UNINCORPORATED,-119.25699342,36.32723842
6920471,2015,2016-11-05,9480,2015-05-13,0845,13821,,3,1,9,5400,0,1,3,,1,064,"ROAD 182","RT 198",0.00,,Y,A,-,Y,TUL,6,198,-,-,17.008,I,5,W,N,4,0,1,2,A,-,21,22106,,N,C,C,A,A,H,-,A,A,0,,,,,Y,,D,22,0,0,1,0,0,0,0,0,0,"- ","- ",36.193629999999999,-119.09599,TULARE,UNINCORPORATED,-119.16626535,36.326594370000002
6927418,2015,2016-11-05,9480,2015-05-03,1518,16046,,7,2,5,5407,0,1,3,,1,064,"RT 198","PLAZA DR",528.00,E,N,A,-,Y,TUL,6,198,-,R,4.900,H,-,E,N,4,0,1,2,A,-,07,21658,A,N,C,C,A,A,H,-,A,D,1,,,,,Y,,A,07,0,0,1,0,0,0,0,0,0,"- ","- ",36.327010000000001,-119.3844,TULARE,VISALIA,-119.3881093,36.327209709999998
6928747,2015,2016-11-05,9480,2015-05-08,2243,18861,,5,3,9,5400,0,1,3,,1,044,"RT 198","SUNSET DR",609.00,S,N,A,-,Y,TUL,6,198,-,-,40.320,H,-,E,Y,4,0,1,2,A,-,05,21650,,N,A,C,A,A,H,-,D,D,0,,,,,Y,,A,01,0,0,1,0,0,0,0,0,0,"- ","- ",36.456209999999999,-118.88704,TULARE,UNINCORPORATED,-118.8868829,36.456372680000001
6928748,2015,2016-11-05,9480,2015-05-09,1352,18521,,6,1,5,5407,0,1,3,,1,064,"RT 198","MOONEY BL",634.00,W,N,A,-,Y,TUL,6,198,-,-,8.630,H,-,W,Y,3,0,1,1,A,-,08,22107,,N,E,I,A,A,H,-,A,D,1,,,,,Y,,A,01,0,1,0,0,0,0,0,0,0,"- ","- ",36.327249999999999,-119.31659999999999,TULARE,VISALIA,-119.31625440000001,36.327095550000003
6930263,2015,2016-11-05,9480,2015-05-08,2115,18861,,5,2,9,5400,0,1,3,,1,040,"RT 216","CITRUS AV",0.00,,Y,A,-,Y,TUL,6,216,-,-,6.610,H,-,W,Y,3,0,4,2,A,-,03,22350,,N,C,C,A,A,H,-,D,D,0,,,,,Y,,D,22,0,1,3,0,0,0,0,0,0,"- ","- ",36.380009999999999,-119.21581,TULARE,UNINCORPORATED,-119.21563304,36.380324620000003
6943190,2015,2016-11-04,9480,2015-05-24,2035,016723,,7,2,9,5400,0,1,3,,1,064,"RT 198","SPRUCE RD",14.00,W,N,A,-,Y,TUL,6,198,-,R,19.750,H,-,E,Y,4,0,1,2,A,-,03,22350,,N,C,C,A,A,H,-,D,A,0,,,,,Y,,A,07,0,0,1,0,0,0,0,0,0,"- ","- ",36.325560000000003,-119.11695,TULARE,UNINCORPORATED,-119.11717088,36.32571815
6944253,2015,2016-11-05,9480,2015-05-14,1054,16210,,4,1,9,5400,0,1,3,,1,064,"RT 198","FARMERSVILLE BL",25.00,W,N,B,-,Y,TUL,6,198,-,-,14.650,H,-,W,Y,4,0,1,2,A,-,08,22107,,N,A,C,A,A,H,-,A,D,1,,,,,Y,,D,22,0,0,1,0,0,0,0,0,0,"- ","- ",36.32696,-119.20901000000001,TULARE,UNINCORPORATED,-119.20854488000001,36.326800519999999
6944434,2015,2016-11-05,9480,2015-05-24,1205,12568,,7,1,5,5407,0,1,3,,1,064,"RT 198","AKERS ST",160.00,W,N,A,-,Y,TUL,6,198,-,-,6.720,H,-,W,Y,4,0,1,1,A,-,08,22107,,N,E,I,A,A,H,-,A,D,1,,,,,Y,,A,01,0,0,1,0,0,0,0,0,0,"- ","- ",36.327269999999999,-119.35057,TULARE,VISALIA,-119.35041581999999,36.327235129999998
6944438,2015,2016-11-05,9480,2015-05-22,2030,19258,,5,2,5,5407,0,1,3,,1,064,"RT 198","SHIRK RD",360.00,W,N,B,-,Y,TUL,6,198,-,-,5.690,H,-,W,Y,4,0,2,2,A,-,01,23152,A,N,C,C,A,A,H,-,D,D,1,,,,,Y,,A,01,0,0,2,0,0,0,0,0,0,"- ","- ",36.327249999999999,-119.3708,TULARE,VISALIA,-119.36894106,36.327186169999997
6944643,2015,2016-11-05,9480,2015-05-16,2204,018861,,6,3,9,5400,0,3,5,,2,004,"RT 216","ROAD 222",3562.00,E,N,A,-,Y,TUL,6,216,-,-,15.930,H,-,W,Y,4,0,2,1,A,-,08,22107,,N,F,I,A,A,H,-,D,D,0,,,,,Y,,A,07,0,0,2,0,0,0,0,0,0,"- ","- ",36.413870000000003,-119.06385,TULARE,UNINCORPORATED,-119.06515802,36.413763439999997
6953990,2015,2016-11-05,9480,2015-06-16,1925,015783,,2,2,5,5407,0,1,3,,1,064,"RT 198","BEN MADDOX WY",41.00,E,N,A,-,Y,TUL,6,198,-,-,10.740,H,-,W,N,4,0,1,2,A,-,07,21658,A,N,E,I,A,A,H,-,A,D,1,,,,Y,Y,,G,25,0,0,1,0,0,0,0,0,0,"- ","- ",36.326779999999999,-119.27849000000001,TULARE,VISALIA,-119.27843357,36.326652260000003
6955058,2015,2016-11-05,9480,2015-06-09,1745,15783,,2,2,5,5407,0,1,3,,1,064,"RT 198","LOVERS LN",1320.00,W,N,C,-,Y,TUL,6,198,-,R,11.470,H,-,E,Y,4,0,1,1,A,-,08,22107,,N,E,I,A,B,H,-,A,D,1,,,,,Y,,A,01,0,0,1,0,0,0,0,0,0,"- ","- ",36.326540000000001,-119.26885,TULARE,VISALIA,-119.26552936,36.327223289999999
6955098,2015,2016-11-05,9480,2015-06-24,0030,15783,,3,3,5,5407,0,1,3,,1,064,"RT 198","RT 99",1056.00,E,N,A,-,Y,TUL,6,198,-,-,4.040,H,-,W,Y,2,0,1,1,A,-,08,22107,,N,F,A,A,A,H,-,D,D,1,,,,,Y,,A,01,1,0,0,0,0,0,0,0,0,"- ","- ",36.327550000000002,-119.40311,TULARE,VISALIA,-119.40085845,36.32732377
6955102,2015,2016-11-07,9480,2015-06-23,1025,13656,,2,1,9,5400,0,1,3,,1,040,"RT 216","ROAD 158",0.00,,Y,A,-,Y,TUL,6,216,-,-,4.320,I,5,W,Y,4,0,1,2,A,-,09,21801,A,N,D,C,A,A,H,-,A,A,0,,,,,Y,,A,01,0,0,1,0,0,0,0,0,0,"- ","- ",36.349159999999998,-119.22035,TULARE,UNINCORPORATED,-119.22044219,36.349147299999998
6972869,2015,2016-11-05,9480,2015-06-19,1705,018861,,5,2,9,5400,0,1,3,,1,044,"RT 198","ALTA ACRES DR",112.00,W,N,A,-,Y,TUL,6,198,-,-,40.570,H,-,W,Y,4,0,1,1,A,-,08,22107,,N,E,I,A,A,H,-,A,D,0,,,,,Y,,A,01,0,0,1,0,0,0,0,0,0,"- ","- ",36.457709999999999,-118.883,TULARE,UNINCORPORATED,-118.88308016000001,36.457712739999998
6982914,2015,2016-11-05,9480,2015-06-20,2015,18861,,6,2,9,5400,0,1,3,,1,044,"RT 198","AVENUE 324",5280.00,S,N,A,-,Y,TUL,6,198,-,-,25.480,H,-,W,N,4,0,1,2,A,-,08,22107,,N,D,C,A,A,H,-,B,D,0,,,,,Y,,D,22,0,0,1,0,0,0,0,0,0,"- ","- ",36.362969999999997,-119.03625,TULARE,UNINCORPORATED,-119.03628402,36.3628128
6989673,2015,2016-11-05,5407,2015-06-10,1316,M33,480,3,5,5,5407,0,0,0,,0,026,COMSTOCK,"RT 216",15.00,S,N,A,-,Y,TUL,6,216,-,-,2.835,I,6,W,Y,4,0,2,1,A,-,03,22350,,N,E,I,A,A,H,-,A,D,0,,,,,Y,Y,-,"- ",0,0,2,0,0,0,0,0,0,"- ","- ",,,TULARE,VISALIA,-119.24538561,36.342275899999997
6992797,2015,2017-01-12,9480,2015-07-09,1705,18861,,4,2,5,5407,0,1,3,,1,064,"RT 198","GIDDINGS ST",40.00,E,N,A,-,Y,TUL,6,198,-,R,9.240,H,-,E,Y,4,0,3,3,A,-,03,22350,,N,C,C,A,A,H,-,A,D,1,,,,,Y,,A,01,0,0,3,0,0,0,0,0,0,"- ","- ",36.326860000000003,-119.30508,TULARE,VISALIA,-119.30532719,36.32695202
6998139,2015,2016-11-05,9480,2015-06-23,1803,015783,,2,2,5,5407,0,1,3,,1,064,"RT 198","MOONEY BL",750.00,W,N,A,-,Y,TUL,6,198,-,R,8.610,H,-,E,Y,3,0,2,3,A,-,07,21658,A,N,C,C,A,A,H,-,A,D,1,,,,,Y,,A,01,0,1,1,0,0,0,0,0,0,"- ","- ",36.32723,-119.3216,TULARE,VISALIA,-119.31660596,36.327130429999997