CASE_ID,ACCIDENT_YEAR,PROC_DATE,JURIS,COLLISION_DATE,COLLISION_TIME,OFFICER_ID,REPORTING_DISTRICT,DAY_OF_WEEK,CHP_SHIFT,POPULATION,CNTY_CITY_LOC,SPECIAL_COND,BEAT_TYPE,CHP_BEAT_TYPE,CITY_DIVISION_LAPD,CHP_BEAT_CLASS,BEAT_NUMBER,PRIMARY_RD,SECONDARY_RD,DISTANCE,DIRECTION,INTERSECTION,WEATHER_1,WEATHER_2,STATE_HWY_IND,CALTRANS_COUNTY,CALTRANS_DISTRICT,STATE_ROUTE,ROUTE_SUFFIX,POSTMILE_PREFIX,POSTMILE,LOCATION_TYPE,RAMP_INTERSECTION,SIDE_OF_HWY,TOW_AWAY,COLLISION_SEVERITY,NUMBER_KILLED,NUMBER_INJURED,PARTY_COUNT,PRIMARY_COLL_FACTOR,PCF_CODE_OF_VIOL,PCF_VIOL_CATEGORY,PCF_VIOLATION,PCF_VIOL_SUBSECTION,HIT_AND_RUN,TYPE_OF_COLLISION,MVIW,PED_ACTION,ROAD_SURFACE,ROAD_COND_1,ROAD_COND_2,LIGHTING,CONTROL_DEVICE,CHP_ROAD_TYPE,PEDESTRIAN_ACCIDENT,BICYCLE_ACCIDENT,MOTORCYCLE_ACCIDENT,TRUCK_ACCIDENT,NOT_PRIVATE_PROPERTY,ALCOHOL_INVOLVED,STWD_VEHTYPE_AT_FAULT,CHP_VEHTYPE_AT_FAULT,COUNT_SEVERE_INJ,COUNT_VISIBLE_INJ,COUNT_COMPLAINT_PAIN,COUNT_PED_KILLED,COUNT_PED_INJURED,COUNT_BICYCLIST_KILLED,COUNT_BICYCLIST_INJURED,COUNT_MC_KILLED,COUNT_MC_INJURED,PRIMARY_RAMP,SECONDARY_RAMP,LATITUDE,LONGITUDE,COUNTY,CITY,POINT_X,POINT_Y
7001207,2015,2016-11-05,9480,2015-06-20,2200,18861,,6,3,9,5400,0,1,3,,1,064,"RT 198","RT 65",146.00,E,N,A,-,Y,TUL,6,198,-,R,18.790,H,-,W,N,4,0,1,2,A,-,01,23152,A,M,C,C,A,A,H,-,D,D,0,,,,,Y,Y,A,08,0,0,1,0,0,0,0,0,0,"- ","- ",36.326410000000003,-119.13428,TULARE,UNINCORPORATED,-119.13436929,36.326287970000003
7012367,2015,2017-01-12,9480,2015-07-22,0625,013914,,3,1,9,5400,0,1,3,,1,044,"RT 198","RT 216",179.00,W,N,B,-,Y,TUL,6,198,-,-,27.930,H,-,E,Y,4,0,1,2,A,-,09,21801,A,N,A,C,A,A,H,-,A,D,0,,,,,Y,,D,22,0,0,1,0,0,0,0,0,0,"- ","- ",36.394530000000003,-119.0222,TULARE,UNINCORPORATED,-119.02187010999999,36.395135490000001
7012523,2015,2017-01-12,9480,2015-07-16,1532,018861,,4,2,9,5400,0,1,3,,1,064,"RT 198","ROAD 180",4004.00,W,N,A,-,Y,TUL,6,198,-,R,16.000,H,-,E,Y,4,0,1,1,A,-,08,22107,,N,E,I,A,A,H,-,A,D,1,,,,,Y,,A,01,0,0,1,0,0,0,0,0,0,"- ","- ",36.326729999999998,-119.18442,TULARE,UNINCORPORATED,-119.18436814,36.326714680000002
7012706,2015,2017-01-14,9480,2015-07-17,0520,018403,,5,3,9,5400,0,1,3,,1,034,"RT 198","RD 52",0.00,,Y,A,-,Y,TUL,6,198,-,-,1.000,I,5,E,Y,3,0,2,2,A,-,09,21801,A,N,D,C,A,A,H,-,B,D,0,,,,,Y,,A,01,0,1,1,0,0,0,0,0,0,"- ","- ",36.327809999999999,-119.45726999999999,TULARE,UNINCORPORATED,-119.45746947000001,36.327427720000003
7018829,2015,2016-11-05,5407,2015-06-29,1623,A205,480,1,5,5,5407,0,0,0,,0,026,"RT 216","MINERAL KING",0.00,,Y,A,-,Y,TUL,6,216,-,-,0.038,I,5,W,Y,3,0,3,2,A,-,12,21453,A,N,-,C,A,A,H,-,A,A,0,,,,,Y,,A,01,0,1,2,0,0,0,0,0,0,"- ","- ",,,TULARE,VISALIA,-119.26078009,36.328172520000003
7022775,2015,2017-01-12,9480,2015-07-25,0423,018403,,6,3,5,5407,0,1,3,,1,064,"RT 198","BEN MADDOX WY",80.00,W,N,A,-,Y,TUL,6,198,-,R,10.710,H,-,E,Y,3,0,1,1,A,-,01,23152,A,M,E,I,A,A,H,-,D,D,1,,,,,Y,Y,A,01,0,1,0,0,0,0,0,0,0,"- ","- ",36.326560000000001,-119.27888,TULARE,VISALIA,-119.27903003999999,36.326718249999999
7028374,2015,2017-01-12,9480,2015-08-01,1810,18521,,6,2,9,5400,0,1,3,,1,064,"RT 198","RT 99",75.00,E,N,A,-,Y,TUL,6,198,-,R,3.850,H,-,E,Y,3,0,1,1,A,-,08,22107,,N,F,A,A,A,H,-,A,D,0,,,,,Y,,A,01,0,1,0,0,0,0,0,0,0,"- ","- ",36.326140000000002,-119.40600999999999,TULARE,UNINCORPORATED,-119.40665284000001,36.326200900000003
7037537,2015,2017-01-12,9480,2015-08-07,1205,016233,,5,1,9,5400,0,1,3,,1,044,"RT 198","NORTH FORK DR",0.00,,Y,A,-,Y,TUL,6,198,-,-,38.490,I,5,E,Y,3,0,2,2,A,-,09,21801,A,N,A,C,A,A,H,-,A,D,0,,,,,Y,,A,01,0,1,1,0,0,0,0,0,0,"- ","- ",36.43777,-118.90535,TULARE,UNINCORPORATED,-118.90531343000001,36.437928810000002
7038286,2015,2017-01-14,9480,2015-08-02,1715,015783,,7,2,9,5400,0,1,3,,1,044,"RT 198","ROAD 210",250.00,W,N,A,-,Y,TUL,6,198,-,-,20.460,H,-,E,Y,4,0,4,3,A,-,03,22350,,N,C,C,A,A,H,-,A,D,0,,,,,Y,,A,01,0,0,4,0,0,0,0,0,0,"- ","- ",36.357700000000001,-119.10531,TULARE,UNINCORPORATED,-119.10439515,36.325682700000002
7042042,2015,2017-01-12,9480,2015-08-07,1507,016233,,5,2,9,5400,0,1,3,,1,064,"RT 198","PLAZA DR",648.00,W,N,A,-,Y,TUL,6,198,-,R,3.780,H,-,E,Y,4,0,2,3,A,-,03,22350,,N,C,C,A,A,H,-,A,D,0,,,,,Y,,A,01,0,0,2,0,0,0,0,0,0,"- ","- ",36.327060000000003,-119.39570999999999,TULARE,UNINCORPORATED,-119.40789791,36.3263198
7043041,2015,2017-01-12,9480,2015-08-21,0029,18403,,5,3,9,5400,0,1,3,,1,034,"RT 198","RD 44",1056.00,E,N,A,-,Y,TUL,6,198,-,-,0.160,H,-,E,Y,3,0,1,1,A,-,01,23152,A,N,F,A,A,A,H,-,D,D,0,,,,,Y,Y,A,07,0,1,0,0,0,0,0,0,0,"- ","- ",36.327730000000003,-119.47251,TULARE,UNINCORPORATED,-119.47246815,36.327573350000002
7079335,2015,2017-01-14,5407,2015-09-24,2212,A203,480,4,5,5,5407,0,0,0,,0,026,"RT 216",MCAULIFF,1238.00,W,N,A,-,Y,TUL,6,216,-,-,2.230,H,-,E,Y,3,0,1,1,A,-,01,23152,,N,F,I,A,A,H,-,C,A,0,,,Y,,Y,Y,C,02,0,1,0,0,0,0,0,0,1,"- ","- ",,,TULARE,VISALIA,-119.25563438,36.342013430000002
7079460,2015,2017-01-14,5407,2015-09-09,1600,M218,480,3,5,5,5407,0,0,0,,0,026,"MINERAL KING","RT 216",0.00,,Y,A,-,Y,TUL,6,216,-,R,0.038,I,5,W,Y,4,0,2,2,A,-,09,21801,A,N,A,C,A,A,H,-,A,A,0,,,,,Y,,-,"- ",0,0,2,0,0,0,0,0,0,"- ","- ",,,TULARE,VISALIA,-119.26078009,36.328172520000003
8010449,2016,2017-04-22,5407,2016-03-19,1859,A278,2025,6,5,5,5407,0,0,0,,0,026,"MINERAL KING","RT 216",0.00,,Y,A,-,Y,TUL,6,216,-,R,0.038,I,5,W,Y,3,0,1,2,A,-,08,22107,,N,D,C,A,A,H,-,B,A,0,,,Y,,Y,,A,01,0,1,0,0,0,0,0,0,1,"- ","- ",,,TULARE,VISALIA,-119.26078009,36.328172520000003
8010538,2016,2017-02-18,5407,2016-03-03,1058,M33,480,4,5,5,5407,0,0,0,,0,,NOBLE,"RT 198",0.00,W,N,B,-,Y,TUL,6,198,-,R,8.953,R,1,E,Y,4,0,1,2,A,-,21,22106,,N,C,C,A,A,H,-,A,A,0,,,,,Y,,-,,0,0,1,0,0,0,0,0,0,"- ",EO,,,TULARE,VISALIA,-119.31046628,36.326983060000003
8100352,2016,2017-02-22,5407,2016-07-12,1456,M33,480,2,5,5,5407,0,0,0,,0,026,"RT 216",DOUGLAS,350.00,N,N,A,-,Y,TUL,6,216,-,R,0.810,H,-,E,Y,4,0,2,3,A,-,03,22350,,N,C,C,A,A,H,-,A,D,0,,,,,Y,,A,01,0,0,2,0,0,0,0,0,0,"- ","- ",,,TULARE,VISALIA,-119.26093836,36.340274620000002
8100356,2016,2017-02-22,5407,2016-07-24,1144,M226,,7,5,5,5407,0,0,0,,0,,"RT 216",DOUGLAS,78.00,N,N,A,-,Y,TUL,6,216,-,R,0.736,H,-,E,,3,0,1,2,A,-,03,22350,,N,C,C,A,-,H,-,A,A,0,,,Y,,Y,,C,02,0,1,0,0,0,0,0,0,1,"- ","- ",,,TULARE,VISALIA,-119.26090158,36.33911475
8116515,2016,2017-03-06,5407,2016-08-06,1355,C40,480,6,5,5,5407,0,0,0,,0,,"RT 198",SHIRK,0.00,,Y,A,-,Y,TUL,6,198,-,-,5.601,R,4,E,Y,4,0,1,3,A,-,12,22450,A,N,A,C,A,A,H,-,A,D,0,,,,,Y,,A,01,0,0,1,0,0,0,0,0,0,"- ","- ",36.327170000000002,-119.36765,TULARE,VISALIA,-119.37054686,36.327183310000002
8170567,2017,2018-06-05,5407,2017-11-30,1532,M33,480,4,5,5,5407,0,0,0,,0,,"RT 216",DOUGLAS,457.00,E,N,B,-,N,,,216,,,,,,,N,4,0,1,2,A,-,05,21650,1,N,D,G,A,A,H,-,A,D,0,,Y,,,Y,,L,04,0,0,1,0,0,0,1,0,0,"- ","- ",36.342030000000001,-119.25203,TULARE,VISALIA,-119.25203008,36.342039790000001
8322488,2016,2017-06-27,5407,2016-12-09,2338,M66,480,5,5,5,5407,0,0,0,,0,000,"RT 216",COMSTOCK,260.00,E,N,B,-,Y,TUL,6,216,-,-,2.890,H,-,E,Y,3,0,1,1,A,-,01,23152,A,M,F,J,A,A,H,-,D,D,0,,,,,Y,Y,D,22,0,1,0,0,0,0,0,0,0,"- ","- ",36.342030000000001,-119.25203,TULARE,VISALIA,-119.24445554,36.342491840000001
8349838,2017,2018-03-22,5407,2017-01-15,1742,A266,480,7,5,5,5407,0,0,0,,0,026,"LOVERS LN","RT 198",0.00,,Y,A,-,Y,TUL,6,198,-,R,11.550,R,4,E,N,4,0,1,2,A,-,07,21658,A,N,B,C,A,A,H,-,C,A,0,,,,Y,Y,,-,"- ",0,0,1,0,0,0,0,0,0,"- ",EF,,,TULARE,VISALIA,-119.26411005999999,36.32737393
8359537,2017,2018-03-22,5407,2017-03-03,0619,A286,480,5,5,5,5407,0,0,0,,0,R12,"RT 198",PLAZA,0.00,,Y,A,-,Y,TUL,6,198,-,R,4.626,R,1,W,Y,4,0,1,1,A,-,03,22350,,N,E,I,A,A,H,-,A,A,0,,,,,Y,,A,07,0,0,1,0,0,0,0,0,0,EO,"- ",36.327269999999999,-119.39001,TULARE,VISALIA,-119.39316354,36.327264309999997
8420827,2017,2018-05-10,5407,2017-07-19,0858,M33,480,3,5,5,5407,0,0,0,,0,,AKERS,NOBLE,0.00,,Y,A,-,Y,TUL,6,198,-,-,6.589,R,4,E,Y,3,0,2,2,A,-,12,21453,A,N,D,C,A,B,H,-,A,A,0,,,,,Y,,-,"- ",0,1,1,0,0,0,0,0,0,"- ","- ",36.326689999999999,-119.34967,TULARE,VISALIA,-119.35277474999999,36.327185329999999
8445795,2017,2018-05-10,5407,2017-07-26,1632,M256,480,3,5,5,5407,0,0,0,,0,P33,"RT 198","LOVERS LN",42.00,W,N,A,-,Y,TUL,6,198,-,R,11.550,R,1,E,Y,4,0,1,2,A,-,01,23152,B,N,C,C,A,A,H,-,A,D,0,,,,,Y,Y,A,01,0,0,1,0,0,0,0,0,0,EF,"- ",36.320129999999999,-119.28883,TULARE,VISALIA,-119.26411005999999,36.32737393
8506541,2017,2018-06-29,5407,2017-10-11,0916,M33,480,3,5,5,5407,0,0,0,,0,,"RT 216","MILL CREEK",400.00,S,N,A,-,Y,TUL,6,216,-,R,0.260,H,-,E,Y,3,0,1,1,A,-,05,21650,,N,E,J,A,A,H,-,A,D,0,,,,,Y,,A,07,0,1,0,0,0,0,0,0,0,"- ","- ",36.332650000000001,-119.26071,TULARE,VISALIA,-119.26071738,36.33165383
8564298,2018,2018-08-07,5407,2018-01-23,0950,M201,480,2,5,5,5407,0,0,0,,0,,"RT 198",AKERS,69.00,E,N,A,-,Y,TUL,6,198,-,-,6.760,H,-,W,N,4,0,3,2,A,-,03,22350,,N,C,C,A,A,H,-,A,A,0,,,,,Y,,A,01,0,0,3,0,0,0,0,0,0,"- ","- ",36.327239990234375,-119.34967803955078,TULARE,VISALIA,-119.34969329833984,36.327259063720703
8606679,2018,2018-08-21,5407,2018-04-09,0731,M226,480,1,5,5,5407,0,0,0,,0,012,"S SHIRK","RT 198",0.00,,Y,A,-,Y,TUL,6,198,-,-,5.901,R,4,E,N,4,0,1,2,A,-,03,22350,,N,C,C,A,A,H,-,A,A,0,,,,,Y,,D,22,0,0,1,0,0,0,0,0,0,"- ","- ",36.327171325683594,-119.36765289306641,TULARE,VISALIA,-119.36515045166016,36.327190399169922
8659350,2018,2018-08-20,5407,2018-06-12,1231,M214,480,2,5,5,5407,0,0,0,,0,M110,PLAZA,"RT 198",0.00,,Y,A,-,Y,TUL,6,198,-,R,5.023,R,4,W,Y,4,0,1,3,A,-,08,22101,D,N,D,C,A,A,H,-,A,A,0,,,,,Y,,A,01,0,0,1,0,0,0,0,0,0,"- ",WF,36.3272705078125,-119.39000701904297,TULARE,VISALIA,-119.38571166992188,36.327156066894531
8660851,2018,2018-08-20,5407,2018-06-21,1544,M203,480,4,5,5,5407,0,0,0,,0,025,"RT 63",MOONEY,200.00,E,N,A,-,Y,TUL,6,198,-,R,9.038,R,2,W,Y,4,0,1,2,A,-,08,22107,,N,B,C,A,A,H,-,A,A,0,,,,,Y,,A,07,0,0,1,0,0,0,0,0,0,"- ","- ",,,TULARE,VISALIA,-119.30894470214844,36.326972961425781
8696039,2018,2018-10-23,5407,2018-08-01,1750,C42,NO215,3,5,5,5407,0,0,0,,0,,"RT 216","E DURAN",0.00,,Y,A,-,Y,TUL,6,216,-,R,0.101,I,5,W,Y,2,0,1,2,A,-,09,21804,A,N,D,C,A,A,H,-,A,A,0,,,Y,,Y,Y,D,82,1,0,0,0,0,0,0,0,0,"- ","- ",,,TULARE,VISALIA,-119.26078796386719,36.329158782958984
8890188,2019,2020-01-02,5407,2019-05-18,1545,A301,480,6,5,5,5407,0,0,0,,0,011,"RT 198","PLAZA DR",0.00,,Y,B,C,Y,TUL,6,198,-,R,4.961,R,4,E,N,4,0,2,2,A,-,04,21703,,N,C,C,A,B,H,-,A,A,0,,,,,Y,,A,01,0,0,2,0,0,0,0,0,0,"- ","- ",36.227268218994141,-119.39000701904297,TULARE,VISALIA,-119.38692474365234,36.327171325683594
8967919,2019,2020-06-10,5407,2019-09-23,2227,A295,480,1,5,5,5407,0,0,0,,0,012,"S DEMAREE ST","W NOBLE AV",0.00,,Y,A,-,Y,TUL,6,198,-,-,7.564,R,4,W,Y,2,0,1,1,A,-,05,21650,,N,E,I,A,A,H,-,C,A,0,,,,,Y,,D,22,1,0,0,0,0,0,0,0,0,"- ","- ",36.326641082763672,-119.33174133300781,TULARE,VISALIA,-119.33530426025391,36.327384948730469
8970549,2019,2020-06-10,5407,2019-09-18,1538,M20,480,3,5,5,5407,0,0,0,,0,,"RT 216","LOVERS LN",574.00,E,N,A,-,Y,TUL,6,216,-,-,2.070,H,-,W,N,4,0,3,2,A,-,03,22350,,N,C,C,A,A,H,-,A,A,0,,,,,Y,,D,22,0,0,3,0,0,0,0,0,0,"- ","- ",36.342029571533203,-119.25202941894531,TULARE,VISALIA,-119.25814056396484,36.341995239257812
90011387,2015,2015-10-19,9480,2015-08-10,1328,016046,,1,1,9,5400,0,1,3,,1,064,"STATE ROUTE 198 (WESTBOUND)","ROAD 156",1056.00,E,N,A,-,Y,,,198,,,,,,,Y,3,0,1,2,A,-,08,22107,,N,C,C,A,A,H,-,A,D,0,,,,Y,Y,,A,01,0,1,0,0,0,0,0,0,0,"- ","- ",36.32685,-119.22077,TULARE,UNINCORPORATED,-119.22076573,36.32679366
90011949,2015,2015-10-19,9480,2015-08-24,2120,016145,,1,2,9,5400,0,1,3,,1,064,SR-198,"FARMERSVILLE BLVD",528.00,W,N,A,-,Y,,,198,,,,,,,N,3,0,1,2,A,-,11,21956,,N,G,B,D,A,H,-,C,D,0,Y,,,,Y,Y,N,60,0,1,0,0,1,0,0,0,0,"- ","- ",36.326619999999998,-119.21174000000001,TULARE,UNINCORPORATED,-119.21173889000001,36.326835869999996
90014010,2015,2015-10-19,9480,2015-08-20,0800,016233,,4,1,9,5400,0,1,3,,1,044,SR-198,"HORSE CREEK RD",10560.00,W,N,A,-,Y,,,198,,,,,,,Y,2,0,2,2,A,-,05,21460,A,N,B,C,A,A,H,-,A,D,0,,,,,Y,,D,22,1,0,1,0,0,0,0,0,0,"- ","- ",36.398899999999998,-118.9727,TULARE,UNINCORPORATED,-118.97271213000001,36.398841480000002
90014017,2015,2015-10-19,9480,2015-08-20,1434,016233,,4,2,9,5400,0,1,3,,1,064,"SR-198 W/B",SR-65,52.00,E,N,A,-,Y,,,198,,,,,,W,Y,4,0,1,2,A,-,21,22106,,N,C,C,A,A,H,-,A,D,0,,,,,Y,,A,01,0,0,1,0,0,0,0,0,0,"- ","- ",36.326059999999998,-119.13433000000001,TULARE,UNINCORPORATED,-119.13433492999999,36.32628871
90014920,2015,2015-10-19,9480,2015-09-01,0617,017252,,2,1,5,5407,0,1,3,,1,064,"STATE ROUTE 198, EASTBOUND","BURKE STREET",500.00,W,N,A,-,Y,,,198,,,,,,E,Y,3,0,1,1,A,-,08,22107,,N,E,I,A,A,H,-,B,D,0,,,,,Y,,A,01,0,1,0,0,0,0,0,0,0,"- ","- ",36.326810000000002,-119.28258,TULARE,VISALIA,-119.28258015999999,36.326916140000002
90016291,2015,2015-10-19,9480,2015-09-01,1738,015783,,2,2,5,5407,0,1,3,,1,064,"SR-198 E/B","MOONEY BLVD",125.00,W,N,A,-,Y,,,198,,,,,,E,Y,2,0,2,3,A,-,03,22350,,N,C,C,A,A,H,-,A,D,0,,,,,Y,,A,07,1,1,0,0,0,0,0,0,0,"- ","- ",36.326929999999997,-119.31453,TULARE,VISALIA,-119.31452858,36.327008259999999
90018137,2015,2015-10-19,9480,2015-09-06,0945,015047,,7,1,9,5400,0,1,3,,1,044,"RT 198","ROAD 248",13200.00,E,N,A,-,Y,,,198,,,,,,,Y,3,0,4,2,A,-,09,21802,A,N,D,C,A,A,H,-,A,A,0,,,,,Y,,A,01,0,2,2,0,0,0,0,0,0,"- ","- ",36.395440000000001,-118.98864,TULARE,UNINCORPORATED,-118.98859078,36.395705049999997
90018424,2015,2015-10-19,9480,2015-09-04,0650,013821,,5,1,9,5400,0,1,3,,1,040,SR-216,"AVENUE 336",1848.00,W,N,A,-,Y,,,216,,,,,,,Y,4,0,1,1,A,-,08,22107,,N,E,I,A,A,H,-,A,D,0,,,,,Y,,A,08,0,0,1,0,0,0,0,0,0,"- ","- ",36.396659999999997,-119.17523,TULARE,UNINCORPORATED,-119.17518954000001,36.396576979999999
90019285,2015,2015-10-19,9480,2015-08-29,1313,016723,,6,1,9,5400,0,1,3,,1,040,"STATE ROUTE 216","ROAD 228",4752.00,E,N,A,-,Y,,,216,,,,,,,Y,2,0,1,1,A,-,05,21650,,N,E,I,A,A,H,-,A,D,0,,,Y,,Y,,C,02,1,0,0,0,0,0,0,0,1,"- ","- ",36.405819999999999,-119.0491,TULARE,UNINCORPORATED,-119.04907157,36.405916150000003
90020894,2015,2015-10-19,9480,2015-09-12,1442,018861,,6,2,9,5400,0,1,3,,1,040,"SR-216 (IVANHOE DRIVE)","ROAD 158",0.00,,Y,A,-,Y,,,216,,,,,,,Y,4,0,1,2,A,-,09,21801,A,N,D,C,A,A,H,-,A,D,0,,,,,Y,Y,A,01,0,0,1,0,0,0,0,0,0,"- ","- ",36.349130000000002,-119.22053,TULARE,UNINCORPORATED,-119.2205307,36.349115230000002
90023847,2015,2015-10-19,9480,2015-09-10,0740,016856,,4,1,5,5407,0,1,3,,1,064,"SR-198 W/B","LINWOOD ST",1584.00,W,N,A,-,Y,,,198,,,,,,W,Y,3,0,2,1,A,-,08,22107,,N,F,A,A,A,H,-,A,D,0,,,,,Y,,D,22,0,2,0,0,0,0,0,0,0,"- ","- ",36.32741,-119.34533,TULARE,VISALIA,-119.34532955,36.327372670000003
90027226,2015,2015-10-19,9480,2015-09-23,0855,016046,,3,1,9,5400,0,1,3,,1,064,"STATE ROUTE 198 (WESTBOUND)","ROAD 152",1848.00,W,N,A,-,Y,,,198,,,,,,,Y,3,0,2,3,A,-,03,22350,,N,C,C,A,A,D,-,A,D,0,,,,,Y,,A,01,0,1,1,0,0,0,0,0,0,"- ","- ",36.327069999999999,-119.24033,TULARE,UNINCORPORATED,-119.24032948,36.326952669999997
90028443,2015,2015-10-19,9480,2015-10-03,0639,018563,,6,1,5,5407,0,1,3,,1,064,"STATE ROUTE 198 WESTBOUND","BURKE STREET OVERCROSSING",10.00,W,N,A,-,Y,,,198,,,,,,W,Y,2,0,1,1,A,-,03,22350,,N,E,I,A,A,H,-,B,D,0,,,,,Y,,A,01,1,0,0,0,0,0,0,0,0,"- ","- ",36.32696,-119.28331,TULARE,VISALIA,-119.28330990000001,36.326914889999998
90029658,2015,2015-10-19,9480,2015-09-24,1725,018809,,4,2,5,5407,0,1,3,,1,064,"STATE ROUTE-198 W/B","AKERS STREET",2684.00,W,N,A,-,Y,,,198,,,,,,W,Y,4,0,1,2,A,-,03,22350,,N,C,C,A,A,H,-,A,D,0,,,,,Y,,D,22,0,0,1,0,0,0,0,0,0,"- ","- ",36.327060000000003,-119.35997999999999,TULARE,VISALIA,-119.35998007000001,36.327193280000003
90031719,2015,2015-10-19,9480,2015-10-11,1455,015047,,7,2,9,5400,0,1,3,,1,044,"RT 198","N. FORK DRIVE",450.00,E,N,A,-,Y,,,198,,,,,,,Y,3,0,1,2,A,-,09,21801,A,N,D,C,A,A,H,-,A,D,0,,,Y,,Y,,D,22,0,1,0,0,0,0,0,0,1,"- ","- ",36.439120000000003,-118.90494,TULARE,UNINCORPORATED,-118.90485622999999,36.439083590000003
90032714,2015,2015-10-19,9480,2015-09-14,1755,018148,,1,2,9,5400,0,1,3,,1,064,"SR-198 E/B","ROAD 156",1584.00,W,N,A,-,Y,,,198,,,,,,E,Y,3,0,4,1,A,-,08,22107,,N,F,A,A,A,H,-,A,D,0,,,,,Y,,A,01,0,1,3,0,0,0,0,0,0,"- ","- ",36.326340000000002,-119.23979,TULARE,UNINCORPORATED,-119.23979271,36.326955040000001
90035223,2015,2015-10-21,9480,2015-10-15,0753,013914,,4,1,5,5407,0,1,3,,1,064,"STATE ROUTE 198 (EASTBOUND)","SHIRK ROAD",1320.00,W,N,B,-,Y,,,198,,,,,,,Y,4,0,1,2,A,-,03,22350,,N,C,C,A,B,H,-,A,D,0,,,,,Y,,A,01,0,0,1,0,0,0,0,0,0,"- ","- ",36.32705,-119.37430000000001,TULARE,VISALIA,-119.37430025,36.327175189999998
90038182,2015,2015-10-26,9480,2015-10-06,1319,013656,,2,1,9,5400,0,1,3,,1,040,"SR-216 (IVANHOE DRIVE)","JASMINE AVE",44.00,S,N,A,-,Y,,,216,,,,,,,Y,2,0,2,2,A,-,06,21751,,N,B,C,A,A,H,-,A,A,0,,,,,Y,,A,07,1,0,1,0,0,0,0,0,0,"- ","- ",36.37668,-119.21561,TULARE,UNINCORPORATED,-119.21563671,36.37668008
90038482,2015,2015-10-26,9480,2015-10-15,2203,018742,,4,3,9,5400,0,1,3,,1,064,SR-198,"ROAD 164",1056.00,E,N,B,-,Y,,,198,,,,,,,Y,3,0,1,1,A,-,01,23152,A,N,E,I,A,B,H,-,D,D,0,,,,,Y,Y,A,01,0,1,0,0,0,0,0,0,0,"- ","- ",36.326639999999998,-119.20407,TULARE,UNINCORPORATED,-119.20407092000001,36.326662030000001
90039818,2015,2015-10-29,9480,2015-10-02,1206,018563,,5,1,9,5400,0,1,3,,1,044,"STATE ROUTE 198","POGUE AVENUE",600.00,S,N,A,-,Y,,,198,,,,,,,Y,2,0,1,1,A,-,01,23152,A,N,E,I,A,A,H,-,A,D,0,,,,,Y,Y,D,22,1,0,0,0,0,0,0,0,0,"- ","- ",36.381340000000002,-119.02549999999999,TULARE,UNINCORPORATED,-119.02545578,36.38128339
90040407,2015,2015-10-29,9480,2015-10-22,0658,018403,,4,1,5,5407,0,1,3,,1,064,"SR-198 W/B","BURKE ST",350.00,W,N,A,-,Y,,,198,,,,,,W,N,4,0,1,2,A,-,03,22350,,N,C,C,A,A,H,-,A,D,0,,,,,Y,,A,01,0,0,1,0,0,0,0,0,0,"- ","- ",36.326830000000001,-119.28404,TULARE,VISALIA,-119.28404012999999,36.326913509999997
90040438,2015,2015-10-29,9480,2015-10-22,0747,018403,,4,1,5,5407,0,1,3,,1,064,"SR-198 W/B","BEN MADDOX WAY",1584.00,E,N,A,-,Y,,,198,,,,,,W,N,4,0,1,3,A,-,03,22350,,N,C,C,A,A,H,-,A,D,0,,,,,Y,,D,22,0,0,1,0,0,0,0,0,0,"- ","- ",36.326790000000003,-119.27103,TULARE,VISALIA,-119.27101417999999,36.326640910000002
90042653,2015,2015-11-02,9480,2015-10-13,1340,016046,,2,1,9,5400,0,1,3,,1,064,"STATE ROUTE 198 (WESTBOUND)","ROAD 168",2112.00,E,N,A,-,Y,,,198,,,,,,,Y,3,0,1,1,A,-,08,22107,,N,E,I,A,A,H,-,A,D,0,,,,,Y,,A,07,0,1,0,0,0,0,0,0,0,"- ","- ",36.326929999999997,-119.18938,TULARE,UNINCORPORATED,-119.18938012,36.32687885
90049739,2015,2015-11-12,9480,2015-10-31,1800,019048,,6,2,9,5400,0,1,3,,1,064,"SR-198 E/B","ROAD 196",1795.00,W,N,A,-,Y,,,198,,,,,,E,Y,3,0,1,1,A,-,01,23152,A,N,E,I,A,A,H,-,B,D,0,,,,,Y,Y,D,22,0,1,0,0,0,0,0,0,0,"- ","- ",36.326509999999999,-119.14131999999999,TULARE,UNINCORPORATED,-119.1413258,36.326133939999998
90052305,2015,2015-11-17,9480,2015-11-05,1419,016723,,4,2,9,5400,0,1,3,,2,091,"SR-198 W/B FROM SR-99 S/B","SR-198 W/B",139.00,N,N,A,-,Y,,,198,,,,R,,W,Y,4,0,1,1,A,-,05,21650,,N,E,I,A,A,H,-,A,D,0,,,,,Y,,D,22,0,0,1,0,0,0,0,0,0,"- ","- ",36.328919999999997,-119.41154,TULARE,UNINCORPORATED,-119.41154,36.328919999999997
90058711,2015,2015-11-24,9480,2015-11-11,1600,013914,,3,2,9,5400,0,1,3,,1,044,"STATE ROUTE 198","PIERCE DRIVE",1320.00,W,N,A,-,Y,,,198,,,,,,,Y,4,0,2,1,C,-,18,,,N,E,I,A,A,H,-,A,D,0,,,,,Y,,-,"- ",0,0,2,0,0,0,0,0,0,"- ","- ",36.411610000000003,-118.93141,TULARE,UNINCORPORATED,-118.93140932999999,36.411639510000001
90059588,2015,2015-11-25,9480,2015-11-20,0948,017709,,5,1,5,5407,0,1,3,,1,064,"SR-198 W/B","BRIDGE ST. O/C",50.00,W,N,A,-,Y,,,198,,,,,,W,Y,4,0,1,3,A,-,03,22350,,N,B,C,A,A,H,-,A,D,0,,,,Y,Y,,A,01,0,0,1,0,0,0,0,0,0,"- ","- ",36.326949999999997,-119.28919999999999,TULARE,VISALIA,-119.28919995,36.326907689999999