CASE_ID,ACCIDENT_YEAR,PROC_DATE,JURIS,COLLISION_DATE,COLLISION_TIME,OFFICER_ID,REPORTING_DISTRICT,DAY_OF_WEEK,CHP_SHIFT,POPULATION,CNTY_CITY_LOC,SPECIAL_COND,BEAT_TYPE,CHP_BEAT_TYPE,CITY_DIVISION_LAPD,CHP_BEAT_CLASS,BEAT_NUMBER,PRIMARY_RD,SECONDARY_RD,DISTANCE,DIRECTION,INTERSECTION,WEATHER_1,WEATHER_2,STATE_HWY_IND,CALTRANS_COUNTY,CALTRANS_DISTRICT,STATE_ROUTE,ROUTE_SUFFIX,POSTMILE_PREFIX,POSTMILE,LOCATION_TYPE,RAMP_INTERSECTION,SIDE_OF_HWY,TOW_AWAY,COLLISION_SEVERITY,NUMBER_KILLED,NUMBER_INJURED,PARTY_COUNT,PRIMARY_COLL_FACTOR,PCF_CODE_OF_VIOL,PCF_VIOL_CATEGORY,PCF_VIOLATION,PCF_VIOL_SUBSECTION,HIT_AND_RUN,TYPE_OF_COLLISION,MVIW,PED_ACTION,ROAD_SURFACE,ROAD_COND_1,ROAD_COND_2,LIGHTING,CONTROL_DEVICE,CHP_ROAD_TYPE,PEDESTRIAN_ACCIDENT,BICYCLE_ACCIDENT,MOTORCYCLE_ACCIDENT,TRUCK_ACCIDENT,NOT_PRIVATE_PROPERTY,ALCOHOL_INVOLVED,STWD_VEHTYPE_AT_FAULT,CHP_VEHTYPE_AT_FAULT,COUNT_SEVERE_INJ,COUNT_VISIBLE_INJ,COUNT_COMPLAINT_PAIN,COUNT_PED_KILLED,COUNT_PED_INJURED,COUNT_BICYCLIST_KILLED,COUNT_BICYCLIST_INJURED,COUNT_MC_KILLED,COUNT_MC_INJURED,PRIMARY_RAMP,SECONDARY_RAMP,LATITUDE,LONGITUDE,COUNTY,CITY,POINT_X,POINT_Y
90066721,2015,2015-12-07,9480,2015-10-19,0538,017709,,1,3,9,5400,0,1,3,,1,064,"SR-198 W/B","ROAD 156",1025.00,E,N,A,-,Y,,,198,,,,,,W,Y,1,1,0,1,A,-,08,22107,,N,F,A,A,A,H,-,D,D,0,,,,,Y,,A,01,0,0,0,0,0,0,0,0,0,"- ","- ",36.326860000000003,-119.22069,TULARE,UNINCORPORATED,-119.22068543,36.32679976
90066989,2015,2015-12-07,9480,2015-11-20,1650,018809,,5,2,5,5407,0,1,3,,1,064,"STATE ROUTE-198","GIDDINGS AVENUE",360.00,E,N,A,-,Y,,,198,,,,,,,Y,4,0,1,2,A,-,03,22350,,N,C,C,A,A,H,-,A,D,0,,,,,Y,,D,22,0,0,1,0,0,0,0,0,0,"- ","- ",36.326590000000003,-119.303,TULARE,VISALIA,-119.30299789999999,36.326937780000002
90067459,2015,2015-12-08,9480,2015-11-29,1707,015783,,7,2,9,5400,0,1,3,,1,044,SR-198,"ROAD 217",160.00,W,N,A,-,Y,,,198,,,,,,,Y,2,0,1,2,A,-,08,22107,,N,A,C,A,A,H,-,D,D,0,,,,,Y,,A,01,1,0,0,0,0,0,0,0,0,"- ","- ",36.325589999999998,-119.08828,TULARE,UNINCORPORATED,-119.08828137,36.325489300000001
90067697,2015,2015-12-08,9480,2015-11-22,1030,016856,,7,1,9,5400,0,1,3,,1,064,"SR-198 W/B","RAILROAD O/C",648.00,E,N,A,-,Y,,,198,,,,,,W,Y,3,0,2,1,A,-,07,21658,A,N,F,A,A,A,H,-,A,D,0,,,,,Y,,A,01,0,1,1,0,0,0,0,0,0,"- ","- ",36.327590000000001,-119.40331999999999,TULARE,UNINCORPORATED,-119.40329695,36.327657719999998
90074740,2015,2015-12-15,9480,2015-12-01,0925,012568,,2,1,5,5407,0,1,3,,1,064,"SR-198 E/B TO CENTRAL VISALIA","WILLIS ST.",248.00,W,N,A,-,Y,,,198,,,,R,,E,Y,4,0,1,2,A,-,03,22350,,N,C,C,A,A,H,-,A,A,0,,,,,Y,,D,22,0,0,1,0,0,0,0,0,0,"- ","- ",36.326599999999999,-119.29859999999999,TULARE,VISALIA,-119.29859999999999,36.326599999999999
90076702,2015,2015-12-17,9480,2015-12-03,0720,017709,,4,1,9,5400,0,1,3,,1,064,"SR-198 W/B","ROAD 164 O/C",40.00,W,N,A,-,Y,,,198,,,,,,W,Y,4,0,1,1,A,-,08,22107,,N,E,I,A,A,H,-,A,D,0,,,,,Y,,A,01,0,0,1,0,0,0,0,0,0,"- ","- ",36.326749999999997,-119.20877,TULARE,UNINCORPORATED,-119.20876951,36.326802780000001
90078271,2015,2015-12-18,9480,2015-12-08,1715,018657,,2,2,5,5407,0,1,3,,1,064,"SR-198 E/B","PLAZA DR.",700.00,E,N,A,-,Y,,,198,,,,,,E,Y,4,0,2,2,A,-,03,22350,,N,C,C,A,A,H,-,C,D,0,,,,,Y,,A,01,0,0,2,0,0,0,0,0,0,"- ","- ",36.327030000000001,-119.3847,TULARE,VISALIA,-119.38469894000001,36.327145979999997
90086081,2015,2015-12-31,9480,2015-12-18,1258,017709,,5,1,9,5400,0,1,3,,1,040,"SR-216 (IVANHOE DRIVE)","BEECHWOOD AVE.",0.00,,Y,A,-,Y,,,216,,,,,,,Y,4,0,1,2,A,-,09,21801,A,N,A,C,A,A,H,-,A,D,0,,,Y,,Y,,A,01,0,0,1,0,0,0,0,0,1,"- ","- ",36.378630000000001,-119.21552,TULARE,UNINCORPORATED,-119.21564902,36.378628409999997
90090135,2015,2016-01-07,9480,2015-12-25,2100,018809,,5,2,5,5407,0,1,3,,1,064,"STATE ROUTE-198 E/B","PLAZA DRIVE",60.00,E,N,A,-,Y,,,198,,,,,,E,Y,3,0,1,1,A,-,01,23152,A,N,E,I,A,A,H,-,C,D,0,,,,,Y,Y,A,01,0,1,0,0,0,0,0,0,0,"- ","- ",36.327219999999997,-119.38952999999999,TULARE,VISALIA,-119.38952904999999,36.327254359999998
90095344,2016,2016-04-14,9480,2016-01-10,1350,013914,,7,1,9,5400,0,1,3,,1,044,"STATE ROUTE 198","ROAD 212",1925.00,E,N,B,-,Y,,,198,,,,,,,Y,3,0,2,2,A,-,03,22350,,N,C,C,A,A,H,-,A,D,0,,,,,Y,,A,01,0,1,1,0,0,0,0,0,0,"- ","- ",36.325530000000001,-119.09676,TULARE,UNINCORPORATED,-119.09675935999999,36.325594670000001
90095820,2015,2016-01-14,9480,2015-10-17,2350,018809,,6,3,9,5400,0,1,3,,1,044,"STATE ROUTE-198 E/B","HORSE CREEK ROAD",7920.00,W,N,A,-,Y,,,198,,,,,,E,Y,1,1,0,1,A,-,01,23152,F,N,E,I,A,A,H,-,D,D,0,,,,,Y,Y,A,01,0,0,0,0,0,0,0,0,0,"- ","- ",36.397320000000001,-118.97016000000001,TULARE,UNINCORPORATED,-118.97013286000001,36.397355140000002
90098090,2016,2016-01-19,9480,2016-01-05,1330,013821,,2,1,9,5400,0,1,3,,1,044,"SR-198 E/B","SUMMIT ST",600.00,W,N,B,C,Y,,,198,,,,,,E,Y,4,0,1,2,A,-,03,22350,,N,C,E,A,B,H,-,A,D,0,,,,,Y,,A,07,0,0,1,0,0,0,0,0,0,"- ","- ",36.385129999999997,-119.02494,TULARE,UNINCORPORATED,-119.02502625,36.385125860000002
90098343,2016,2016-01-19,9480,2016-01-07,1830,018403,,4,2,9,5400,0,1,3,,1,040,"STATE ROUTE 216","AVENUE 336",0.00,,Y,A,-,Y,,,216,,,,,,,Y,3,0,4,2,A,-,12,22450,A,N,D,C,A,A,H,-,D,D,0,,,,,Y,,A,08,0,1,3,0,0,0,0,0,0,"- ","- ",36.39931,-119.16952999999999,TULARE,UNINCORPORATED,-119.16953700000001,36.399324530000001
90100303,2016,2016-01-21,9480,2016-01-09,1432,019647,,6,2,9,5400,0,1,3,,1,034,"SR-198 W/B TO SR-99 S/B",SR-198,50.00,N,N,B,-,Y,,,198,,,,R,,W,Y,3,0,1,1,A,-,01,23152,A,M,E,I,A,B,D,-,A,D,0,,,,,Y,Y,A,01,0,1,0,0,0,0,0,0,0,"- ","- ",36.329619999999998,-119.41009,TULARE,UNINCORPORATED,-119.41009,36.329619999999998
90104880,2016,2016-01-28,9480,2016-01-22,1744,018563,,5,2,9,5400,0,1,3,,1,044,"STATE ROUTE 198","HIGH SIERRA DRIVE",10.00,E,N,A,-,Y,,,198,,,,,,,Y,2,0,5,3,A,-,03,22350,,N,C,C,A,A,H,-,C,D,0,,,,,Y,,A,07,2,0,3,0,0,0,0,0,0,"- ","- ",36.325560000000003,-119.09104000000001,TULARE,UNINCORPORATED,-119.09104044999999,36.325529529999997
90106205,2016,2016-02-01,9480,2016-01-13,2245,018657,,3,3,9,5400,0,1,3,,1,034,"SR-198 E/B","ROAD 68",1200.00,W,N,A,-,Y,,,198,,,,,,E,Y,4,0,1,1,A,-,08,22107,,N,E,I,A,A,H,-,D,D,0,,,,,Y,,A,01,0,0,1,0,0,0,0,0,0,"- ","- ",36.327109999999998,-119.42547999999999,TULARE,UNINCORPORATED,-119.42547996,36.327114530000003
90110199,2016,2016-02-05,9480,2016-01-15,0645,017108,,5,1,9,5400,0,1,3,,1,034,"SR-198 W/B","ROAD 60",0.00,,Y,B,-,Y,,,198,,,,,,W,Y,3,0,1,2,A,-,09,21802,A,N,D,C,A,B,H,-,B,A,0,,,,,Y,,A,01,0,1,0,0,0,0,0,0,0,"- ","- ",36.32761,-119.43943,TULARE,UNINCORPORATED,-119.43943659,36.327254019999998
90111329,2016,2016-02-08,9480,2016-01-08,1350,016210,,5,1,9,5400,0,1,3,,1,064,"SR-198 E/B",SR-65,0.00,,Y,A,B,Y,,,198,,,,,,E,Y,3,0,2,2,A,-,12,21453,A,N,D,C,A,A,H,-,A,A,0,,,,,Y,,D,22,0,2,0,0,0,0,0,0,0,"- ","- ",36.326070000000001,-119.13493,TULARE,UNINCORPORATED,-119.1349311,36.326136599999998
90113070,2016,2016-02-10,9480,2016-01-26,0745,013821,,2,1,9,5400,0,1,3,,1,044,SR-198,"EATON ROAD",107.00,W,N,A,-,Y,,,198,,,,,,,Y,2,0,4,2,A,-,05,21460,A,N,A,C,A,A,H,-,A,D,0,,,,,Y,,A,01,1,3,0,0,0,0,0,0,0,"- ","- ",36.325530000000001,-119.08459999999999,TULARE,UNINCORPORATED,-119.08460132,36.325445019999997
90113495,2016,2016-02-11,9480,2016-02-01,1829,016046,,1,2,9,5400,0,1,3,,1,064,"SR-198 (EASTBOUND)","ROAD 182",500.00,W,N,A,-,Y,,,198,,,,,,,Y,3,0,1,1,A,-,08,22107,,N,F,I,A,A,H,-,D,D,0,,,,,Y,,A,01,0,1,0,0,0,0,0,0,0,"- ","- ",36.3264,-119.16678,TULARE,UNINCORPORATED,-119.16677989,36.326440230000003
90123959,2016,2016-02-25,9480,2016-02-16,1605,012568,,2,2,9,5400,0,1,3,,1,040,"SR-216 (MILLWOOD AVE.)","RD. 184",0.00,,Y,A,-,Y,,,216,,,,,,,Y,4,0,1,2,A,-,03,22350,,N,C,C,A,A,H,-,A,D,0,,,,,Y,,A,07,0,0,1,0,0,0,0,0,0,"- ","- ",36.403109999999998,-119.16168999999999,TULARE,UNINCORPORATED,-119.16169377999999,36.40311784
90125820,2016,2016-02-29,9480,2016-02-17,1650,018809,,3,2,5,5407,0,1,3,,1,064,"STATE ROUTE-198 E/B","GIDDINGS AVE",150.00,E,N,B,C,Y,,,198,,,,,,E,Y,4,0,1,2,A,-,03,22350,,N,C,C,A,B,H,-,A,D,0,,,,,Y,,A,01,0,0,1,0,0,0,0,0,0,"- ","- ",36.3264,-119.2907,TULARE,VISALIA,-119.29070056,36.326906039999997
90131026,2016,2016-03-07,9480,2016-02-25,2145,018861,,4,2,5,5407,0,1,3,,1,064,"SR-198 E/B","AKERS ST",2366.00,W,N,A,-,Y,,,198,,,,,,E,Y,3,0,2,1,A,-,01,23152,A,N,E,I,A,A,H,-,D,D,0,,,,,Y,Y,A,07,0,1,1,0,0,0,0,0,0,"- ","- ",36.327269999999999,-119.35702000000001,TULARE,VISALIA,-119.35702302999999,36.327173790000003
90134025,2016,2016-03-14,9480,2016-03-05,0816,019048,,6,1,5,5407,0,1,3,,1,064,"SR-198 E/B FROM DEMAREE RD","DEMAREE RD",150.00,E,N,C,-,Y,,,198,,,,R,,E,Y,4,0,1,1,A,-,03,22350,,N,E,I,A,B,H,-,A,D,0,,,,,Y,,D,22,0,0,1,0,0,0,0,0,0,"- ","- ",36.32676,-119.33031,TULARE,VISALIA,-119.33031,36.32676
90136911,2016,2016-03-15,9480,2016-03-10,0737,016210,,4,1,9,5400,0,1,3,,1,064,SR-198,"ROAD 152",20.00,W,N,A,-,Y,,,198,,,,,,,Y,3,0,1,3,A,-,03,22350,,N,C,C,A,A,D,-,A,D,0,,,,,Y,,D,22,0,1,0,0,0,0,0,0,0,"- ","- ",36.327109999999998,-119.23415,TULARE,UNINCORPORATED,-119.23414803999999,36.32701805
90140926,2016,2016-03-22,9480,2016-03-10,0330,015783,,4,3,5,5407,0,1,3,,1,064,"SR-198 W/B","VISTA ST PED OVERCROSSING",152.00,E,N,A,-,Y,,,198,,,,,,W,Y,3,0,1,1,A,-,08,22107,,N,E,I,A,A,D,-,D,D,0,,,,,Y,,D,22,0,1,0,0,0,0,0,0,0,"- ","- ",36.327210000000001,-119.25561999999999,TULARE,VISALIA,-119.25562691,36.327099250000003
90141745,2016,2016-03-23,9480,2016-03-09,0830,017709,,3,1,5,5407,0,1,3,,1,064,"SR-198 W/B","SANTA FE AVE",15.00,W,N,A,-,Y,,,198,,,,,,W,Y,3,0,1,4,A,-,03,22350,,N,C,C,A,A,H,-,A,D,0,,,,,Y,,A,01,0,1,0,0,0,0,0,0,0,"- ","- ",36.326990000000002,-119.28782,TULARE,VISALIA,-119.28782,36.326909030000003
90148199,2016,2016-03-30,9480,2016-03-28,0920,012251,,1,1,9,5400,0,1,3,,1,040,SR-216,"AVENUE 320",0.00,,Y,A,-,Y,,,216,,,,,,,Y,4,0,1,2,A,-,09,21802,A,N,B,C,A,A,H,-,A,A,0,,,,,Y,,D,22,0,0,1,0,0,0,0,0,0,"- ","- ",36.370359999999998,-119.21549,TULARE,UNINCORPORATED,-119.21566556000001,36.370365079999999
90149294,2016,2016-04-01,9480,2016-03-23,1250,020612,,3,1,9,5400,0,1,3,,1,040,"STATE ROUTE 216","ROAD 204",0.00,,Y,A,-,Y,,,216,,,,,,,Y,3,0,2,2,A,-,09,21802,A,N,D,C,A,A,H,-,A,A,0,,,,,Y,,D,22,0,2,0,0,0,0,0,0,0,"- ","- ",36.413670000000003,-119.11684,TULARE,UNINCORPORATED,-119.11684064000001,36.413754070000003
90152225,2016,2016-04-06,9480,2016-03-29,0817,012568,,2,1,9,5400,0,1,3,,1,064,"SR-198 E/B","RD. 180",432.00,E,N,A,-,Y,,,198,,,,,,E,Y,3,0,2,4,A,-,07,21658,A,F,A,C,A,A,H,-,A,D,0,,,,,Y,,D,22,0,2,0,0,0,0,0,0,0,"- ","- ",36.326650000000001,-119.16825,TULARE,UNINCORPORATED,-119.16825,36.326444039999998
90155159,2016,2016-04-11,9480,2016-04-05,0916,016210,,2,1,5,5407,0,1,3,,1,064,SR-198,"BRIDGE ST",140.00,W,N,A,-,Y,,,198,,,,,,,Y,4,0,1,2,A,-,03,22350,,N,C,C,A,A,H,-,A,D,0,,,,,Y,,A,07,0,0,1,0,0,0,0,0,0,"- ","- ",36.327039999999997,-119.28951000000001,TULARE,VISALIA,-119.28950985,36.326907370000001
90172624,2016,2016-05-04,9480,2016-05-01,2000,018657,,7,2,5,5407,0,1,3,,1,064,"SR-198 W/B","MOONEY BLVD.",2640.00,E,N,A,-,Y,,,198,,,,,,W,Y,3,0,2,1,A,-,01,23152,A,N,E,I,A,A,H,-,C,D,0,,,,,Y,Y,A,01,0,1,1,0,0,0,0,0,0,"- ","- ",36.326999999999998,-119.30607000000001,TULARE,VISALIA,-119.30607027000001,36.326956119999998
90175085,2016,2016-05-09,9480,2016-04-23,1110,018148,,6,1,9,5400,0,1,3,,1,064,"SR-198 E/B","ROAD 204",18.00,W,N,A,-,Y,,,198,,,,,,E,N,2,0,2,2,A,-,03,22350,,N,C,C,A,A,H,-,A,A,0,,,Y,,Y,,C,02,2,0,0,0,0,0,0,0,2,"- ","- ",36.325719999999997,-119.11703,TULARE,UNINCORPORATED,-119.11703027,36.325712840000001
90175924,2016,2016-05-10,9480,2016-05-06,0900,017854,,5,1,5,5407,0,1,3,,1,064,"STATE ROUTE 198 WESTBOUND","COURT STREET",400.00,E,N,C,-,Y,,,198,,,,,,W,N,4,0,2,2,A,-,03,22350,,N,C,C,A,B,H,-,A,D,0,,,,,Y,,D,22,0,0,2,0,0,0,0,0,0,"- ","- ",36.327010000000001,-119.28994,TULARE,VISALIA,-119.28993988000001,36.326906809999997
90177833,2016,2016-05-12,9480,2016-04-30,0435,020612,,6,3,5,5407,0,1,3,,1,064,"SR-198 WESTBOUND","LOVERS LANE ROAD",1900.00,W,N,A,-,Y,,,198,,,,,,W,Y,4,0,1,1,A,-,08,22107,,N,E,I,A,A,H,-,D,D,0,,,,,Y,,A,01,0,0,1,0,0,0,0,0,0,"- ","- ",36.327190000000002,-119.26723,TULARE,VISALIA,-119.26721451,36.327043930000002
90178076,2016,2016-05-12,9480,2016-05-06,0828,016210,,5,1,5,5407,0,1,3,,1,064,SR-198,"COUNTY CENTER DR",528.00,E,N,C,-,Y,,,198,,,,,,,Y,3,0,1,2,A,-,03,22350,,N,B,D,A,B,H,-,A,D,0,,,,,Y,,A,01,0,1,0,0,0,0,0,0,0,"- ","- ",36.327440000000003,-119.32324,TULARE,VISALIA,-119.32322999,36.327297870000002
90179789,2016,2016-05-16,9480,2016-04-20,1623,019647,,3,2,9,5400,0,1,3,,1,044,"SR-198 E/B","SLICKROCK BOAT RAMP",20.00,W,N,A,-,Y,,,198,,,,,,E,N,4,0,2,2,A,-,03,22350,,N,C,C,A,A,H,-,A,D,0,,,,,Y,,A,01,0,0,2,0,0,0,0,0,0,"- ","- ",36.411000000000001,-118.9374,TULARE,UNINCORPORATED,-118.93741024000001,36.411039879999997
90179813,2016,2016-05-16,9480,2016-05-01,1820,017311,,7,2,9,5400,0,1,3,,1,064,"SR-198 E/B","RD 180",0.00,,Y,A,-,Y,,,198,,,,,,E,Y,3,0,3,2,A,-,09,21801,A,N,D,C,A,A,H,-,A,D,0,,,,,Y,,A,01,0,3,0,0,0,0,0,0,0,"- ","- ",36.326329999999999,-119.17055000000001,TULARE,UNINCORPORATED,-119.17054958999999,36.326450389999998
90186395,2016,2016-05-24,9480,2016-05-18,0015,016145,,3,3,5,5407,0,1,3,,1,064,"SR-198 W/B","PLAZA DR",446.00,E,N,A,-,Y,,,198,,,,,,W,Y,3,0,1,1,A,-,01,23152,A,N,F,A,A,A,H,-,C,D,0,,,,,Y,Y,A,01,0,1,0,0,0,0,0,0,0,"- ","- ",36.327460000000002,-119.38858999999999,TULARE,VISALIA,-119.38859794,36.327226160000002
90192234,2016,2016-06-01,9480,2016-05-20,0950,013656,,5,1,5,5407,0,1,3,,1,064,"SR-198 TO COURT ST","BRIDGE ST",75.00,E,N,A,-,Y,,,198,,,,R,,,Y,4,0,2,2,A,-,03,22350,,N,C,C,A,A,H,-,A,D,0,,,,,Y,,A,01,0,0,2,0,0,0,0,0,0,"- ","- ",36.327159999999999,-119.28839000000001,TULARE,VISALIA,-119.28839000000001,36.327159999999999
90199552,2016,2016-06-13,9480,2016-05-25,1555,020612,,3,2,9,5400,0,1,3,,1,040,"STATE ROUTE 216","ROAD 158",0.00,,Y,A,-,Y,,,216,,,,,,,Y,4,0,2,2,A,-,09,21802,A,N,D,C,A,A,H,-,A,A,0,,,,,Y,,A,01,0,0,2,0,0,0,0,0,0,"- ","- ",36.349110000000003,-119.22047999999999,TULARE,UNINCORPORATED,-119.22047987000001,36.349112810000001
90202289,2016,2016-06-15,9480,2016-06-01,1440,018148,,3,2,5,5407,0,1,3,,1,064,"SR-198 (EASTBOUND) TO CENTRAL VISALIA","JOHNSON STREET",20.00,W,N,A,-,Y,,,198,,,,R,,,Y,4,0,2,2,A,-,03,22350,,N,C,C,A,A,H,-,A,A,0,,,,,Y,,A,01,0,0,2,0,0,0,0,0,0,"- ","- ",36.326630000000002,-119.29892,TULARE,VISALIA,-119.29892,36.326630000000002
90205894,2016,2016-06-21,9480,2016-06-12,1200,017709,,7,1,5,5407,0,1,3,,1,064,"SR-198 W/B","SHIRK ROAD O/C",2112.00,E,N,A,-,Y,,,198,,,,,,W,Y,4,0,1,3,A,-,03,22350,,N,C,C,A,A,D,-,A,D,0,,,,,Y,,A,01,0,0,1,0,0,0,0,0,0,"- ","- ",36.327190000000002,-119.35946,TULARE,VISALIA,-119.35946,36.327193559999998
90207076,2016,2016-06-22,9480,2016-06-15,1945,017311,,3,2,9,5400,0,1,3,,1,044,SR-198,"SLICKROCK DR",3379.00,W,N,A,-,Y,,,198,,,,,,,N,3,0,1,1,A,-,03,22350,,N,F,A,A,A,H,-,A,D,0,,,Y,,Y,,C,02,0,1,0,0,0,0,0,0,1,"- ","- ",36.407170000000001,-118.94768999999999,TULARE,UNINCORPORATED,-118.94770916,36.407190720000003
90207913,2016,2016-06-23,9480,2016-05-21,2100,019186,,6,2,9,5400,0,1,3,,1,040,SR-216,"AVENUE 336",0.00,,Y,B,G,Y,,,216,,,,,,,Y,2,0,5,2,A,-,01,23152,A,N,D,C,A,A,H,-,D,A,0,,,,,Y,Y,A,01,1,1,3,0,0,0,0,0,0,"- ","- ",36.399360000000001,-119.16942,TULARE,UNINCORPORATED,-119.16942809,36.399376949999997
90212001,2016,2016-06-29,9480,2016-06-20,2040,018657,,1,2,9,5400,0,1,3,,1,040,"STATE ROUTE 216","ROAD 188",0.00,,Y,A,-,Y,,,216,,,,,,,Y,4,0,1,2,A,-,09,21802,A,N,D,C,A,A,H,-,A,A,0,,,,,Y,,D,22,0,0,1,0,0,0,0,0,0,"- ","- ",36.407730000000001,-119.15223,TULARE,UNINCORPORATED,-119.15221653,36.407702149999999
90218179,2016,2016-07-07,9480,2016-06-23,1325,020612,,4,1,5,5407,0,1,3,,1,064,"SR-198 W/B TO SR-63",SR-63,840.00,E,N,A,-,Y,,,198,,,,R,,W,Y,4,0,4,4,A,-,03,22350,,N,C,C,A,A,H,-,A,D,0,,,,,Y,,A,01,0,0,4,0,0,0,0,0,0,"- ","- ",36.327330000000003,-119.31129,TULARE,VISALIA,-119.31129,36.327330000000003
90218931,2016,2016-07-08,9480,2016-06-23,2010,020871,,4,2,9,5400,0,1,3,,1,064,"SR-198 W/B","FARMERSVILLE BLVD",1000.00,W,N,A,-,Y,,,198,,,,,,W,Y,3,0,3,1,C,-,18,,,N,E,I,A,A,H,-,B,D,0,,,,,Y,,-,"- ",0,3,0,0,0,0,0,0,0,"- ","- ",36.32705,-119.21259000000001,TULARE,UNINCORPORATED,-119.21259206000001,36.326842339999999
90223670,2016,2016-07-15,9480,2016-06-30,1740,019048,,4,2,5,5407,0,1,3,,1,064,"SR-198 W/B","BRIDGE ST",20.00,E,N,A,-,Y,,,198,,,,,,W,Y,3,0,2,3,A,-,03,22350,,N,C,C,A,A,H,-,A,D,0,,,Y,,Y,,A,07,0,1,1,0,0,0,0,0,1,"- ","- ",36.326970000000003,-119.28856,TULARE,VISALIA,-119.28856,36.326908029999998
90249674,2016,2016-08-22,9480,2016-07-29,0740,013821,,5,1,9,5400,0,1,3,,1,064,SR-198,"FARMERSVILLE BLVD O/C",200.00,W,N,A,-,Y,,,198,,,,,,,Y,4,0,1,1,A,-,08,22107,,N,F,A,A,A,H,-,A,D,0,,,,,Y,,A,07,0,0,1,0,0,0,0,0,0,"- ","- ",36.326639999999998,-119.20946000000001,TULARE,UNINCORPORATED,-119.20945844000001,36.326809140000002
90249683,2016,2016-08-22,9480,2016-08-03,1715,018204,,3,2,9,5400,0,1,3,,1,064,"SR 198 E/B","RD 156",1491.00,E,N,A,-,Y,,,198,,,,,,E,Y,3,0,1,1,A,-,08,22107,,N,E,I,A,A,H,-,A,D,0,,,,,Y,,D,22,0,1,0,0,0,0,0,0,0,"- ","- ",36.326770000000003,-119.21980000000001,TULARE,UNINCORPORATED,-119.21980574,36.326863719999999
90249734,2016,2016-08-22,9480,2016-08-04,1758,019048,,4,2,9,5400,0,1,3,,1,044,SR-198,"N. SPRUCE ROAD",0.00,,Y,A,-,Y,,,198,,,,,,,Y,3,0,2,2,A,-,12,21453,A,N,D,C,A,A,H,-,A,A,0,,,,,Y,,A,01,0,1,1,0,0,0,0,0,0,"- ","- ",36.326000000000001,-119.1168,TULARE,UNINCORPORATED,-119.11680327000001,36.32585211
90249856,2016,2016-08-22,9480,2016-08-05,1125,019048,,5,1,9,5400,0,1,3,,1,040,SR-216,"ROAD 152",2640.00,W,N,A,-,Y,,,216,,,,,,,Y,3,0,1,1,A,-,08,22107,,N,E,I,A,A,H,-,A,D,0,,,,,Y,,A,01,0,1,0,0,0,0,0,0,0,"- ","- ",36.343989999999998,-119.24093999999999,TULARE,UNINCORPORATED,-119.24082061999999,36.343608969999998
90249907,2016,2016-08-22,9480,2016-08-05,1112,020612,,5,1,9,5400,0,1,3,,1,064,"STATE ROUTE 198 EASTBOUND","ROAD 156",948.00,E,N,A,-,Y,,,198,,,,,,E,Y,2,0,1,1,A,-,01,23152,A,N,E,I,A,A,H,-,A,D,0,,,,,Y,Y,A,01,1,0,0,0,0,0,0,0,0,"- ","- ",36.326459999999997,-119.22338999999999,TULARE,UNINCORPORATED,-119.22339842,36.32659803
90252537,2016,2016-08-25,9480,2016-08-07,0317,019789,,7,3,5,5407,0,1,3,,1,064,"SR-198 W/B","PLAZA DR",0.00,,N,A,-,Y,,,198,,,,,,W,Y,3,0,1,1,A,-,01,23152,A,N,F,A,A,A,H,-,A,D,0,,,,,Y,Y,A,07,0,1,0,0,0,0,0,0,0,"- ","- ",36.32734,-119.38892,TULARE,VISALIA,-119.38892349,36.32723721
90255563,2016,2016-08-29,9480,2016-07-17,2057,019543,,7,2,9,5400,0,1,3,,1,064,SR-198,SR-65,0.00,,Y,A,-,Y,,,198,,,,,,,Y,1,1,2,2,A,-,09,21453,C,N,D,C,A,A,H,-,C,A,0,,,,,Y,,A,01,0,1,1,0,0,0,0,0,0,"- ","- ",36.326160000000002,-119.13491,TULARE,UNINCORPORATED,-119.13490962,36.326136959999999
90257314,2016,2016-08-30,9480,2016-08-16,0835,016210,,2,1,5,5407,0,1,3,,1,064,"SR-198 W/B","BEN MADDOX WAY",2220.00,E,N,A,-,Y,,,198,,,,,,W,Y,3,0,1,4,A,-,03,22350,,M,C,C,A,A,H,-,A,D,0,,,,,Y,,A,01,0,1,0,0,0,0,0,0,0,"- ","- ",36.326729999999998,-119.27070000000001,TULARE,VISALIA,-119.27069415,36.326674859999997
90257657,2016,2016-08-31,9480,2016-08-18,0755,020612,,4,1,5,5407,0,1,3,,1,064,"STATE ROUTE 198 WESTBOUND","COURT STREET",200.00,E,N,A,-,Y,,,198,,,,,,W,Y,3,0,1,2,A,-,03,22350,,N,C,C,A,A,H,-,A,D,0,,,,,Y,,D,22,0,1,0,0,0,0,0,0,0,"- ","- ",36.32696,-119.2919,TULARE,VISALIA,-119.29189993,36.326904480000003