CASE_ID,ACCIDENT_YEAR,PROC_DATE,JURIS,COLLISION_DATE,COLLISION_TIME,OFFICER_ID,REPORTING_DISTRICT,DAY_OF_WEEK,CHP_SHIFT,POPULATION,CNTY_CITY_LOC,SPECIAL_COND,BEAT_TYPE,CHP_BEAT_TYPE,CITY_DIVISION_LAPD,CHP_BEAT_CLASS,BEAT_NUMBER,PRIMARY_RD,SECONDARY_RD,DISTANCE,DIRECTION,INTERSECTION,WEATHER_1,WEATHER_2,STATE_HWY_IND,CALTRANS_COUNTY,CALTRANS_DISTRICT,STATE_ROUTE,ROUTE_SUFFIX,POSTMILE_PREFIX,POSTMILE,LOCATION_TYPE,RAMP_INTERSECTION,SIDE_OF_HWY,TOW_AWAY,COLLISION_SEVERITY,NUMBER_KILLED,NUMBER_INJURED,PARTY_COUNT,PRIMARY_COLL_FACTOR,PCF_CODE_OF_VIOL,PCF_VIOL_CATEGORY,PCF_VIOLATION,PCF_VIOL_SUBSECTION,HIT_AND_RUN,TYPE_OF_COLLISION,MVIW,PED_ACTION,ROAD_SURFACE,ROAD_COND_1,ROAD_COND_2,LIGHTING,CONTROL_DEVICE,CHP_ROAD_TYPE,PEDESTRIAN_ACCIDENT,BICYCLE_ACCIDENT,MOTORCYCLE_ACCIDENT,TRUCK_ACCIDENT,NOT_PRIVATE_PROPERTY,ALCOHOL_INVOLVED,STWD_VEHTYPE_AT_FAULT,CHP_VEHTYPE_AT_FAULT,COUNT_SEVERE_INJ,COUNT_VISIBLE_INJ,COUNT_COMPLAINT_PAIN,COUNT_PED_KILLED,COUNT_PED_INJURED,COUNT_BICYCLIST_KILLED,COUNT_BICYCLIST_INJURED,COUNT_MC_KILLED,COUNT_MC_INJURED,PRIMARY_RAMP,SECONDARY_RAMP,LATITUDE,LONGITUDE,COUNTY,CITY,POINT_X,POINT_Y
90258118,2016,2016-08-31,9480,2016-08-26,1705,019789,,5,2,9,5400,0,1,3,,1,044,"SR-198 W/B","ROAD 217",85.00,W,N,A,-,Y,,,198,,,,,,W,Y,3,0,3,2,A,-,03,22350,,N,C,C,A,A,H,-,A,D,0,,,,,Y,,A,08,0,1,2,0,0,0,0,0,0,"- ","- ",36.325580000000002,-119.08938000000001,TULARE,UNINCORPORATED,-119.08938109,36.325505049999997
90259111,2016,2016-09-01,9480,2016-08-16,0830,015047,,2,1,5,5407,0,1,3,,1,064,"SR 198 (WESTBOUND)","BEN MADDOX AVE",30.00,W,N,A,-,Y,,,198,,,,,,,Y,4,0,2,3,A,-,03,22350,,N,C,C,A,A,H,-,A,D,0,,,,,Y,,A,01,0,0,2,0,0,0,0,0,0,"- ","- ",36.326709999999999,-119.27898999999999,TULARE,VISALIA,-119.27898958,36.326713750000003
90262759,2016,2016-09-07,9480,2016-08-17,0750,012568,,3,1,5,5407,0,1,3,,1,064,"SR-198 W/B","SANTA FE ST.",312.00,E,N,A,-,Y,,,198,,,,,,W,Y,3,0,2,7,A,-,03,22350,,N,B,C,A,A,H,-,A,D,0,,,,,Y,,J,48,0,1,1,0,0,0,0,0,0,"- ","- ",36.32694,-119.28658,TULARE,VISALIA,-119.28657996,36.326910120000001
90267287,2016,2016-09-14,9480,2016-08-31,1700,017709,,3,2,9,5400,0,1,3,,1,034,SR-198,"ROAD 56",0.00,,Y,A,-,Y,,,198,,,,,,,Y,4,0,1,2,A,-,09,21801,A,N,A,C,A,A,H,-,A,D,0,,,,,Y,,A,07,0,0,1,0,0,0,0,0,0,"- ","- ",36.327739999999999,-119.44842,TULARE,UNINCORPORATED,-119.448415,36.327339180000003
90268538,2016,2016-09-15,9480,2016-09-08,2235,019427,,4,3,5,5407,0,1,3,,1,064,"STATE ROUTE 198 (WESTBOUND)","WOODLAND DRIVE",325.00,E,N,A,-,Y,,,198,,,,,,,Y,2,0,1,1,A,-,01,23152,A,N,E,I,A,A,H,-,D,D,0,,,,,Y,Y,A,01,1,0,0,0,0,0,0,0,0,"- ","- ",36.327199999999998,-119.31699999999999,TULARE,VISALIA,-119.31700298,36.32717006
90276764,2016,2016-09-27,9480,2016-09-15,0747,017709,,4,1,9,5400,0,1,3,,1,064,"SR-198 W/B",SR-65,3557.00,W,N,A,-,Y,,,198,,,,,,W,Y,4,0,1,1,A,-,08,22107,,N,E,I,A,A,H,-,A,D,0,,,,,Y,,A,01,0,0,1,0,0,0,0,0,0,"- ","- ",36.3264,-119.14712,TULARE,UNINCORPORATED,-119.14712048,36.326327040000002
90277164,2016,2016-09-27,9480,2016-09-15,0750,020612,,4,1,9,5400,0,1,3,,1,044,"STATE ROUTE 198","LONG DRIVE",6500.00,E,N,A,-,Y,,,198,,,,,,,Y,3,0,1,1,A,-,08,22107,,N,E,I,A,A,H,-,A,D,0,,,,,Y,,A,01,0,1,0,0,0,0,0,0,0,"- ","- ",36.39828,-118.99135,TULARE,UNINCORPORATED,-118.99140422000001,36.398286310000003
90277180,2016,2016-09-27,9480,2016-09-15,1225,020612,,4,1,9,5400,0,1,3,,1,040,"STATE ROUTE 216","AVENUE 320",1400.00,S,N,A,-,Y,,,216,,,,,,,N,3,0,1,2,A,-,08,22107,,N,C,C,A,A,H,-,A,D,0,,,,,Y,,A,08,0,1,0,0,0,0,0,0,0,"- ","- ",36.366860000000003,-119.21593,TULARE,UNINCORPORATED,-119.21584174,36.366855389999998
90277239,2016,2016-09-27,9480,2016-09-22,0655,020612,,4,1,5,5407,0,1,3,,1,064,"STATE ROUTE 198 EASTBOUND","LOVERS LANE",3950.00,E,N,A,-,Y,,,198,,,,,,E,Y,4,0,1,1,A,-,08,22107,,N,E,I,A,A,H,-,A,D,0,,,,,Y,,A,01,0,0,1,0,0,0,0,0,0,"- ","- ",36.32687,-119.24694,TULARE,VISALIA,-119.24693915,36.326999229999998
90282922,2016,2016-10-04,9480,2016-09-18,0410,013821,,7,3,9,5400,0,1,3,,1,064,"RT 198",SR-65,1584.00,W,N,A,-,Y,,,198,,,,,,,Y,3,0,1,1,A,-,08,22107,,N,F,I,A,A,H,-,D,D,0,,,,,Y,,A,07,0,1,0,0,0,0,0,0,0,"- ","- ",36.326129999999999,-119.13491,TULARE,UNINCORPORATED,-119.13491011000001,36.326136949999999
90289026,2016,2016-10-11,9480,2016-09-27,0820,013821,,2,1,9,5400,0,1,3,,1,064,"SR-198 W/B","PLAZA DR",4752.00,E,N,A,-,Y,,,198,,,,,,W,Y,4,0,2,3,A,-,00,21461,,N,D,C,E,A,H,-,A,D,0,Y,,,,Y,,N,60,0,0,2,0,0,0,0,0,0,"- ","- ",36.327249999999999,-119.3798,TULARE,UNINCORPORATED,-119.37979982,36.327164580000002
90290556,2016,2016-10-12,9480,2016-09-28,0750,016210,,3,1,5,5407,0,1,3,,1,064,"SR-198 E/B","PLAZA DR",235.00,E,N,A,-,Y,,,198,,,,,,E,Y,3,0,1,2,A,-,03,22350,,N,C,E,A,A,H,-,A,D,0,,,,,Y,,A,01,0,1,0,0,0,0,0,0,0,"- ","- ",36.327199999999998,-119.38979999999999,TULARE,VISALIA,-119.38979829,36.327261819999997
90291113,2016,2016-10-13,9480,2016-10-03,1720,017311,,1,2,9,5400,0,1,3,,1,064,"SR-198 W/B","RD 156",231.00,W,N,A,-,Y,,,198,,,,,,W,N,4,0,1,2,A,-,03,22350,,N,C,C,A,A,H,-,A,D,0,,,,,Y,,D,22,0,0,1,0,0,0,0,0,0,"- ","- ",36.326819999999998,-119.22790000000001,TULARE,UNINCORPORATED,-119.22790071,36.326810799999997
90300844,2016,2016-10-25,9480,2016-10-08,1545,017778,,6,2,9,5400,0,1,3,,1,044,"STATE ROUTE 198","ROAD 210",1056.00,E,N,A,-,Y,,,198,,,,,,,Y,3,0,1,2,A,-,09,21801,A,N,C,C,A,A,H,-,A,D,0,,,Y,,Y,,A,08,0,1,0,0,0,0,0,0,1,"- ","- ",36.325699999999998,-119.0976,TULARE,UNINCORPORATED,-119.09760116,36.325604839999997
90301941,2016,2016-10-26,9480,2016-10-20,2055,019828,,4,2,9,5400,0,1,3,,1,044,SR-198,"SUNSET DR.",528.00,W,N,A,-,Y,,,198,,,,,,,Y,4,0,1,2,A,-,05,21650,,N,A,C,A,A,H,-,D,D,0,,,,,Y,,A,01,0,0,1,0,0,0,0,0,0,"- ","- ",36.456429999999997,-118.88676,TULARE,UNINCORPORATED,-118.88677235,36.456449050000003
90309485,2016,2016-11-02,9480,2016-10-21,1256,016210,,5,1,5,5407,0,1,3,,1,064,"SR-198 E/B","CHINOWTH ST",312.00,W,N,A,-,Y,,,198,,,,,,E,Y,3,0,2,2,A,-,03,22350,,N,C,C,A,A,H,-,A,D,0,,,,,Y,,A,01,0,1,1,0,0,0,0,0,0,"- ","- ",36.327379999999998,-119.33747,TULARE,VISALIA,-119.33747006999999,36.327404659999999
90309539,2016,2016-11-02,9480,2016-10-31,1705,016145,,1,2,9,5400,0,1,3,,1,064,"SR-198 E/B","RD 196",75.00,W,N,A,-,Y,,,198,,,,,,E,N,4,0,1,3,A,-,03,22350,,N,C,C,A,A,H,-,A,A,0,,,,,Y,,A,01,0,0,1,0,0,0,0,0,0,"- ","- ",36.326149999999998,-119.13548,TULARE,UNINCORPORATED,-119.13547967,36.326127679999999
90309567,2016,2016-11-02,9480,2016-10-21,1523,016210,,5,2,9,5400,0,1,3,,1,044,"SR-198 E/B","HORSE CREEK RD",5280.00,W,N,A,-,Y,,,198,,,,,,E,Y,3,0,1,1,A,-,08,22107,,N,E,I,A,A,H,-,A,D,0,,,,,Y,,A,07,0,1,0,0,0,0,0,0,0,"- ","- ",36.392989999999998,-118.96375999999999,TULARE,UNINCORPORATED,-118.96383469,36.392877339999998
90310900,2016,2016-11-04,9480,2016-10-23,0930,013821,,7,1,9,5400,0,1,3,,1,044,SR-198,"NORTH FORK DRIVE",500.00,E,N,A,-,Y,,,198,,,,,,,Y,3,0,1,2,A,-,09,21801,A,N,D,C,A,A,H,-,A,D,0,,,,,Y,,A,01,0,1,0,0,0,0,0,0,0,"- ","- ",36.439410000000002,-118.90492,TULARE,UNINCORPORATED,-118.90474716,36.439329819999998
90313348,2016,2016-11-07,9480,2016-10-14,1615,018202,,5,2,5,5407,0,1,3,,1,064,"SR-198 (W/B) TO BEN MADDOX WAY","MINERAL KING AVE",262.00,S,N,A,-,Y,,,198,,,,R,,,N,2,0,2,1,A,-,03,22350,,N,F,A,A,A,H,-,A,D,0,,,Y,,Y,Y,C,02,1,1,0,0,0,0,0,0,2,"- ","- ",36.32694,-119.27576000000001,TULARE,VISALIA,-119.27576000000001,36.32694
90318263,2016,2016-11-14,9480,2016-10-27,1640,019789,,4,2,9,5400,0,1,3,,1,044,"SR-198 E/B","NORTH FORK",550.00,E,N,B,-,Y,,,198,,,,,,E,Y,3,0,2,2,A,-,03,22350,,N,C,C,A,B,H,-,A,D,0,,,,,Y,,A,07,0,1,1,0,0,0,0,0,0,"- ","- ",36.43844,-118.90514,TULARE,UNINCORPORATED,-118.90509710000001,36.43842154
90332419,2016,2016-11-29,9480,2016-11-14,1700,016046,,1,2,5,5407,0,1,3,,1,064,"STATE ROUTE 198 (W/B) FROM BEN MADDOX","BEN MADDOX WAY",528.00,E,N,A,-,Y,,,198,,,,R,,,N,3,0,1,1,A,-,03,22350,,N,F,A,A,A,H,-,B,D,0,,,Y,,Y,,C,02,0,1,0,0,0,0,0,0,1,"- ","- ",36.326650000000001,-119.27645,TULARE,VISALIA,-119.27645,36.326650000000001
90338570,2016,2016-12-07,9480,2016-11-28,0300,013821,,1,3,9,5400,0,3,5,,2,004,"SR-216 E/B","ROAD 164",528.00,E,N,A,-,Y,,,216,,,,,,E,Y,4,0,1,1,A,-,08,22107,,N,E,I,A,A,H,-,D,D,0,,,,,Y,,A,01,0,0,1,0,0,0,0,0,0,"- ","- ",36.38485,-119.20524,TULARE,UNINCORPORATED,-119.20524082,36.384913009999998
90343762,2016,2016-12-13,9480,2016-12-02,1743,018861,,5,2,9,5400,0,1,3,,1,034,"SR-198 W/B","ROAD 68",480.00,E,N,A,-,Y,,,198,,,,,,W,N,4,0,2,2,A,-,07,21658,A,N,C,C,A,A,H,-,D,D,0,,,,,Y,,A,01,0,0,2,0,0,0,0,0,0,"- ","- ",36.327419999999996,-119.41876999999999,TULARE,UNINCORPORATED,-119.41876127,36.327320610000001
90344915,2016,2016-12-14,9480,2016-12-06,2055,017311,,2,2,9,5400,0,1,3,,1,064,"SR-198 E/B","RD 180",4306.00,W,N,A,-,Y,,,198,,,,,,E,Y,4,0,1,1,A,-,08,22107,,N,E,I,A,A,H,-,D,D,0,,,,,Y,,A,01,0,0,1,0,0,0,0,0,0,"- ","- ",36.326790000000003,-119.18344999999999,TULARE,UNINCORPORATED,-119.18345145000001,36.326699900000001
90349111,2016,2016-12-20,9480,2016-12-19,1422,016046,,1,2,5,5407,0,1,3,,1,064,"STATE ROUTE 198 (EASTBOUND)","AKERS RD",3180.00,W,N,A,-,Y,,,198,,,,,,,Y,3,0,1,3,A,-,03,22350,,N,C,C,A,A,H,-,A,D,0,,,,,Y,,A,07,0,1,0,0,0,0,0,0,0,"- ","- ",36.327080000000002,-119.35975000000001,TULARE,VISALIA,-119.35975008,36.327193250000001
90359182,2016,2017-01-02,9480,2016-12-22,1550,020871,,4,2,5,5407,0,1,3,,1,064,"SR-198 E/B","AKERS STREET",2334.00,W,N,A,-,Y,,,198,,,,,,E,Y,3,0,3,1,A,-,08,22107,,N,F,A,A,A,H,-,A,D,0,,,,,Y,Y,A,07,0,2,1,0,0,0,0,0,0,"- ","- ",36.327179999999998,-119.35708,TULARE,VISALIA,-119.35708013999999,36.327175590000003
90359242,2016,2017-01-02,9480,2016-12-24,0100,019828,,6,3,5,5407,0,1,3,,1,064,"SR-198 W/B","MOONEY BLVD",2112.00,W,N,B,-,Y,,,198,,,,,,W,Y,4,0,1,1,A,-,03,22350,,N,E,I,A,B,H,-,C,D,0,,,,,Y,,A,01,0,0,1,0,0,0,0,0,0,"- ","- ",36.327480000000001,-119.32182,TULARE,VISALIA,-119.32181584999999,36.327395070000001
90367921,2017,2017-01-12,9480,2017-01-06,0725,016723,,5,1,9,5400,0,1,3,,1,044,"STATE ROUTE 198","DOUGLAS AVENUE",108.00,E,N,A,-,Y,,,198,,,,,,,Y,4,0,1,2,A,-,09,21801,A,N,D,C,A,A,H,-,A,D,0,,,,,Y,,A,08,0,0,1,0,0,0,0,0,0,"- ","- ",36.384169999999997,-119.02482999999999,TULARE,UNINCORPORATED,-119.02498035000001,36.384163219999998
90369946,2017,2017-01-16,9480,2017-01-07,1654,019048,,6,2,5,5407,0,1,3,,1,064,"SR 198 W/B FROM LOVERS LANES","MINERAL KING AVE",100.00,S,N,C,-,Y,,,198,,,,R,,W,Y,3,0,1,1,A,-,03,22350,,N,F,A,A,B,H,-,D,D,0,,,,,Y,,D,22,0,1,0,0,0,0,0,0,0,"- ","- ",36.327809999999999,-119.25972,TULARE,VISALIA,-119.25972,36.327809999999999
90370285,2017,2017-01-17,9480,2017-01-02,0941,018204,,1,1,9,5400,0,1,3,,1,044,"RT 198","MEHRTEN DR",7392.00,E,N,B,-,Y,,,198,,,,,,,Y,3,0,2,2,A,-,05,21650,,N,A,C,A,A,H,-,A,D,0,,,,,Y,,A,01,0,1,1,0,0,0,0,0,0,"- ","- ",36.360399999999998,-119.03783,TULARE,UNINCORPORATED,-119.03778148000001,36.360370199999998
90373624,2016,2017-04-07,9480,2016-12-07,1558,013914,,3,2,9,5400,0,1,3,,1,040,"STATE ROUTE 216","ROAD 188",1056.00,E,N,B,-,Y,,,216,,,,,,,Y,1,1,0,1,A,-,08,22107,,N,E,I,A,A,H,-,A,D,0,,,,,Y,,A,07,0,0,0,0,0,0,0,0,0,"- ","- ",36.409239999999997,-119.149,TULARE,UNINCORPORATED,-119.14900661999999,36.409253700000001
90375149,2017,2017-01-23,9480,2017-01-14,1748,019647,,6,2,9,5400,0,1,3,,1,064,"SR-198 W/B","FARMERSVILLE BLVD",10.00,E,N,B,-,Y,,,198,,,,,,W,Y,4,0,1,1,C,-,18,,,N,E,I,A,A,H,-,C,D,0,,,,,Y,,-,"- ",0,0,1,0,0,0,0,0,0,"- ","- ",36.326799999999999,-119.2085,TULARE,UNINCORPORATED,-119.2085,36.326799870000002
90375167,2017,2017-03-23,9480,2017-01-15,2344,018521,,7,3,9,5400,0,1,3,,1,044,SR-198,"ROAD 210",1056.00,E,N,A,-,Y,,,198,,,,,,,Y,2,0,3,1,A,-,01,23152,A,N,E,I,A,A,H,-,D,D,0,,,,,Y,Y,A,07,2,1,0,0,0,0,0,0,0,"- ","- ",36.325800000000001,-119.09999999999999,TULARE,UNINCORPORATED,-119.10000162999999,36.325633320000001
90376673,2017,2017-01-24,9480,2017-01-18,0755,018657,,3,1,5,5407,0,1,3,,1,064,"SR-198 W/B","BRIDGE ST. OVERCROSSING",20.00,E,N,A,-,Y,,,198,,,,,,W,N,4,0,1,2,A,-,03,22350,,N,C,C,A,A,H,-,A,D,0,,,,,Y,,A,01,0,0,1,0,0,0,0,0,0,"- ","- ",36.326999999999998,-119.28854,TULARE,VISALIA,-119.28854,36.326908029999998
90377011,2017,2017-01-25,9480,2017-01-16,1425,018657,,1,2,9,5400,0,1,3,,1,040,SR-216,"AVENUE 320",528.00,N,N,A,-,Y,,,216,,,,,,,Y,3,0,1,1,A,-,01,23152,A,N,E,I,A,A,H,-,A,D,0,,,,,Y,Y,D,22,0,1,0,0,0,0,0,0,0,"- ","- ",36.373130000000003,-119.21552,TULARE,UNINCORPORATED,-119.21564545,36.373130689999996
90377329,2017,2017-01-25,9480,2017-01-19,1423,017709,,4,2,5,5407,0,1,3,,1,064,"SR-198 E/B","LOVERS LANE U/C",300.00,E,N,C,-,Y,,,198,,,,,,E,Y,3,0,1,1,A,-,03,22350,,N,F,A,A,B,H,-,A,D,0,,,,,Y,,A,01,0,1,0,0,0,0,0,0,0,"- ","- ",36.327449999999999,-119.2597,TULARE,VISALIA,-119.25969404,36.327534069999999
90380134,2017,2017-01-27,9480,2017-01-20,0455,019349,,5,3,5,5407,0,1,3,,1,064,"STATE ROUTE 198 WESTBOUND","CHINOWTH ST",388.00,E,N,B,C,Y,,,198,,,,,,W,Y,2,0,2,4,A,-,05,21651,A,N,D,C,A,B,H,-,D,D,0,,,,,Y,,A,01,1,0,1,0,0,0,0,0,0,"- ","- ",36.327399999999997,-119.3349,TULARE,VISALIA,-119.33490166999999,36.327367100000004
90381441,2017,2017-01-30,9480,2017-01-12,2155,019697,,4,2,9,5400,0,1,3,,1,064,"SR-198 E/B","ROAD 180",3696.00,W,N,A,-,Y,,,198,,,,,,E,Y,4,0,1,1,A,-,01,23152,A,N,E,I,A,B,H,-,D,D,0,,,,,Y,Y,A,07,0,0,1,0,0,0,0,0,0,"- ","- ",36.326709999999999,-119.18364,TULARE,UNINCORPORATED,-119.18364011,36.326702939999997
90381871,2017,2017-01-30,9480,2017-01-24,1020,017778,,2,1,5,5407,0,1,3,,1,064,"STATE ROUTE 198 W/B","BEN MADDOX WAY",200.00,E,N,A,-,Y,,,198,,,,,,W,Y,3,0,1,2,A,-,08,22107,,N,D,C,A,A,H,-,A,D,0,,,,,Y,,A,01,0,1,0,0,0,0,0,0,0,"- ","- ",36.327370000000002,-119.27839,TULARE,VISALIA,-119.27846925999999,36.326656219999997
90382293,2017,2017-01-31,9480,2017-01-15,0535,018202,,7,3,9,5400,0,1,3,,1,064,"SR-198 W/B","FARMERSVILLE BLVD",2640.00,E,N,B,-,Y,,,198,,,,,,W,Y,3,0,1,1,A,-,01,23152,A,N,E,I,A,A,H,-,D,D,0,,,,,Y,Y,A,01,0,1,0,0,0,0,0,0,0,"- ","- ",36.326500000000003,-119.17787,TULARE,UNINCORPORATED,-119.17786537000001,36.32674497
90383092,2017,2017-01-31,9480,2017-01-26,0635,017108,,4,1,9,5400,0,1,3,,1,034,"STATE ROUTE 198 WESTBOUND","ROAD 56",310.00,W,N,A,-,Y,,,198,,,,,,W,Y,4,0,1,2,A,-,03,22350,,N,C,C,A,A,H,-,B,D,0,,,,,Y,,A,01,0,0,1,0,0,0,0,0,0,"- ","- ",36.327750000000002,-119.44929,TULARE,UNINCORPORATED,-119.44929338,36.327346259999999
90386417,2016,2017-02-06,9480,2016-11-13,0015,019349,,7,3,5,5407,0,1,3,,1,064,"STATE ROUTE 198 WB","LOVERS LANE",50.00,E,N,A,-,Y,,,198,,,,,,W,Y,1,1,1,2,A,-,01,23152,A,N,C,E,A,A,H,-,D,D,0,,,,,Y,Y,A,01,0,0,1,0,0,0,0,0,0,"- ","- ",36.327199999999998,-119.25620000000001,TULARE,VISALIA,-119.25620506,36.327147930000002
90388558,2016,2017-04-07,9480,2016-07-01,0928,020612,,5,1,9,5400,0,1,3,,1,064,"STATE ROUTE 198 EASTBOUND","ROAD 182",2640.00,E,N,A,-,Y,,,198,,,,,,E,Y,1,1,3,4,A,-,08,22107,,N,C,E,E,A,H,-,A,D,0,Y,,,,Y,,D,22,1,2,0,0,2,0,0,0,0,"- ","- ",36.326309999999999,-119.15573000000001,TULARE,UNINCORPORATED,-119.15573051,36.326289580000001
90393169,2017,2017-02-14,9480,2017-02-06,1755,013656,,1,2,9,5400,0,1,3,,1,034,"SR-198 E/B",SR-99,200.00,W,N,B,-,Y,,,198,,,,,,E,Y,3,0,1,2,A,-,07,21658,A,N,B,C,A,A,H,-,C,D,0,,,,,Y,,D,22,0,1,0,0,0,0,0,0,0,"- ","- ",36.326410000000003,-119.40854,TULARE,UNINCORPORATED,-119.40852311,36.326474699999999
90403560,2017,2017-03-01,9480,2017-02-20,0750,017108,,1,1,5,5407,0,1,3,,1,064,"SR-198 W/B FROM BEN MADDOX","BEN MADDOX WAY",482.00,E,N,B,-,Y,,,198,,,,R,,W,Y,4,0,1,1,A,-,03,22350,,N,E,I,A,B,H,-,A,D,0,,,,,Y,,D,22,0,0,1,0,0,0,0,0,0,"- ","- ",36.326689999999999,-119.27677,TULARE,VISALIA,-119.27677,36.326689999999999
90404625,2017,2017-03-02,9480,2017-02-22,1545,013914,,3,2,9,5400,0,1,3,,1,044,"STATE ROUTE 198","HORSE CREEK ROAD",8295.00,W,N,A,-,Y,,,198,,,,,,,Y,3,0,3,2,A,-,08,22107,,N,D,C,A,A,H,-,A,D,0,,,,,Y,,A,01,0,1,2,0,0,0,0,0,0,"- ","- ",36.397309999999997,-118.96997,TULARE,UNINCORPORATED,-118.96998409,36.397291619999997
90412344,2017,2017-03-14,9480,2017-03-06,0800,017108,,1,1,5,5407,0,1,3,,1,064,"STATE ROUTE 198 E/B","GIDDINGS AVE",326.00,E,N,A,-,Y,,,198,,,,,,E,N,4,0,2,3,A,-,03,22350,,N,C,C,A,A,H,-,A,D,0,,,,,Y,,D,22,0,0,2,0,0,0,0,0,0,"- ","- ",36.326819999999998,-119.30466,TULARE,VISALIA,-119.30465923,36.326947820000001
90414017,2017,2017-03-16,9480,2017-03-13,0644,017108,,1,1,5,5407,0,1,3,,1,064,"STATE ROUTE 198 E/B","STATE ROUTE 99",2275.00,E,N,A,-,Y,,,198,,,,,,E,Y,4,0,1,1,A,-,08,22107,,N,E,I,A,A,H,-,A,D,0,,,,,Y,,A,01,0,0,1,0,0,0,0,0,0,"- ","- ",36.327179999999998,-119.39712,TULARE,VISALIA,-119.39712018,36.327254500000002
90415843,2017,2017-03-20,9480,2017-03-15,0750,012251,,3,1,5,5407,0,3,5,,2,006,"SR-198 WB","COURT ST",550.00,E,N,A,-,Y,,,198,,,,,,W,Y,4,0,3,2,A,-,08,22107,,N,F,I,A,A,H,-,A,D,0,,,,,Y,,A,07,0,0,3,0,0,0,0,0,0,"- ","- ",36.327030000000001,-119.28984,TULARE,VISALIA,-119.28983985000001,36.32690693
90422685,2017,2017-03-28,9480,2017-03-20,1615,012251,,1,2,5,5407,0,1,3,,1,064,"SR-198 E/B","AKERS RD",392.00,W,N,B,-,Y,,,198,,,,,,E,Y,4,0,1,4,A,-,03,22350,,N,C,C,A,A,H,-,A,D,0,,,,,Y,,D,22,0,0,1,0,0,0,0,0,0,"- ","- ",36.327109999999998,-119.35120999999999,TULARE,VISALIA,-119.35121282999999,36.327213309999998
90422816,2017,2017-03-28,9480,2017-03-20,1620,015783,,1,2,5,5407,0,1,3,,1,064,"SR-198 E/B FROM DEMAREE STREET","DEMAREE STREET",347.00,E,N,A,-,Y,,,198,,,,R,,E,Y,4,0,1,3,A,-,03,22350,,N,C,C,A,A,H,-,A,D,0,,,,,Y,,A,08,0,0,1,0,0,0,0,0,0,"- ","- ",36.326790000000003,-119.33044,TULARE,VISALIA,-119.33044,36.326790000000003
90424568,2017,2017-03-30,9480,2017-03-28,0755,017108,,2,1,5,5407,0,1,3,,1,064,"STATE ROUTE 198 WESTBOUND","LOVERS LANE",2275.00,W,N,A,-,Y,,,198,,,,,,W,Y,4,0,1,3,A,-,03,22350,,N,C,C,A,A,H,-,A,D,0,,,,,Y,,A,07,0,0,1,0,0,0,0,0,0,"- ","- ",36.326990000000002,-119.26831,TULARE,VISALIA,-119.26830347000001,36.326928430000002
90427367,2017,2017-04-04,9480,2017-04-03,0758,012251,,1,1,5,5407,0,1,3,,1,064,"SR-198 W/B","LOVERS LANE",300.00,E,N,A,-,Y,,,198,,,,,,W,Y,4,0,2,2,A,-,03,22350,,N,B,C,A,A,H,-,A,D,0,,,,,Y,,D,22,0,0,2,0,0,0,0,0,0,"- ","- ",36.327440000000003,-119.2576,TULARE,VISALIA,-119.25761365,36.327352509999997
90427440,2017,2017-04-04,9480,2017-04-03,0745,017778,,1,1,5,5407,0,1,3,,1,064,"STATE ROUTE 198 W/B","COURT STREET",200.00,E,N,A,-,Y,,,198,,,,,,W,Y,4,0,1,1,A,-,08,22107,,N,E,I,A,A,H,-,A,D,0,,,,,Y,,A,01,0,0,1,0,0,0,0,0,0,"- ","- ",36.327440000000003,-119.29228000000001,TULARE,VISALIA,-119.29227951999999,36.326904020000001
90427453,2017,2017-04-04,9480,2017-04-03,0800,017778,,1,1,5,5407,0,1,3,,1,064,"STATE ROUTE 198 W/B","LOVERS LANE",528.00,E,N,A,-,Y,,,198,,,,,,W,N,4,0,4,2,A,-,03,22350,,N,C,C,A,A,H,-,A,D,0,,,,,Y,,D,22,0,0,4,0,0,0,0,0,0,"- ","- ",36.327399999999997,-119.25631,TULARE,VISALIA,-119.25633329999999,36.327160399999997
90429927,2017,2017-05-05,9480,2017-04-06,1740,019647,,4,2,5,5407,0,1,3,,1,064,"SR-198 E/B","PLAZA DR",200.00,E,N,B,-,Y,,,198,,,,,,E,Y,4,0,3,4,A,-,03,22350,,N,C,C,A,A,H,-,A,D,0,,,,,Y,,A,07,0,0,3,0,0,0,0,0,0,"- ","- ",36.327199999999998,-119.3888,TULARE,VISALIA,-119.38879888,36.327233030000002
90430807,2017,2017-04-10,9480,2017-04-04,0745,013821,,2,1,5,5407,0,1,3,,1,064,"SR-198 E/B","PLAZA DRIVE O/C",3180.00,E,N,A,-,Y,,,198,,,,,,E,Y,4,0,2,4,A,-,03,22350,,N,C,C,A,A,H,-,A,D,0,,,,,Y,,A,01,0,0,2,0,0,0,0,0,0,"- ","- ",36.327069999999999,-119.37911,TULARE,VISALIA,-119.37911019000001,36.327165899999997
90435592,2017,2017-04-17,9480,2017-03-30,0115,013821,,4,3,9,5400,0,1,3,,1,040,"SR-216 W/B","ROAD 188",880.00,E,N,A,-,N,,,216,,,,,,W,Y,2,0,3,1,A,-,08,22107,,N,E,I,A,A,H,-,A,D,0,,,,,Y,,A,01,1,1,1,0,0,0,0,0,0,"- ","- ",36.408769999999997,-119.15021,TULARE,UNINCORPORATED,-119.15017147,36.40869034