CASE_ID,ACCIDENT_YEAR,PROC_DATE,JURIS,COLLISION_DATE,COLLISION_TIME,OFFICER_ID,REPORTING_DISTRICT,DAY_OF_WEEK,CHP_SHIFT,POPULATION,CNTY_CITY_LOC,SPECIAL_COND,BEAT_TYPE,CHP_BEAT_TYPE,CITY_DIVISION_LAPD,CHP_BEAT_CLASS,BEAT_NUMBER,PRIMARY_RD,SECONDARY_RD,DISTANCE,DIRECTION,INTERSECTION,WEATHER_1,WEATHER_2,STATE_HWY_IND,CALTRANS_COUNTY,CALTRANS_DISTRICT,STATE_ROUTE,ROUTE_SUFFIX,POSTMILE_PREFIX,POSTMILE,LOCATION_TYPE,RAMP_INTERSECTION,SIDE_OF_HWY,TOW_AWAY,COLLISION_SEVERITY,NUMBER_KILLED,NUMBER_INJURED,PARTY_COUNT,PRIMARY_COLL_FACTOR,PCF_CODE_OF_VIOL,PCF_VIOL_CATEGORY,PCF_VIOLATION,PCF_VIOL_SUBSECTION,HIT_AND_RUN,TYPE_OF_COLLISION,MVIW,PED_ACTION,ROAD_SURFACE,ROAD_COND_1,ROAD_COND_2,LIGHTING,CONTROL_DEVICE,CHP_ROAD_TYPE,PEDESTRIAN_ACCIDENT,BICYCLE_ACCIDENT,MOTORCYCLE_ACCIDENT,TRUCK_ACCIDENT,NOT_PRIVATE_PROPERTY,ALCOHOL_INVOLVED,STWD_VEHTYPE_AT_FAULT,CHP_VEHTYPE_AT_FAULT,COUNT_SEVERE_INJ,COUNT_VISIBLE_INJ,COUNT_COMPLAINT_PAIN,COUNT_PED_KILLED,COUNT_PED_INJURED,COUNT_BICYCLIST_KILLED,COUNT_BICYCLIST_INJURED,COUNT_MC_KILLED,COUNT_MC_INJURED,PRIMARY_RAMP,SECONDARY_RAMP,LATITUDE,LONGITUDE,COUNTY,CITY,POINT_X,POINT_Y
90435633,2017,2017-04-17,9480,2017-04-09,0230,020871,,7,3,5,5407,0,1,3,,1,064,"SR-198 E/B","CONYER STREET",90.00,W,N,A,-,Y,,,198,,,,,,E,Y,4,0,1,2,A,-,03,22350,,M,C,C,A,A,H,-,D,D,0,,,,,Y,,D,22,0,0,1,0,0,0,0,0,0,"- ","- ",36.326709999999999,-119.30083999999999,TULARE,VISALIA,-119.30083878000001,36.326924820000002
90438740,2017,2017-04-28,9480,2017-04-19,0758,016233,,3,1,5,5407,0,1,3,,1,064,"SR-198 W/B","BEN MADDOX AVE",58.00,E,N,A,-,Y,,,198,,,,,,W,Y,4,0,1,3,A,-,03,22350,,N,C,C,A,A,H,-,A,D,0,,,,,Y,,D,22,0,0,1,0,0,0,0,0,0,"- ","- ",36.326529999999998,-119.27837,TULARE,VISALIA,-119.27835736,36.326643799999999
90439775,2017,2017-04-21,9480,2017-04-21,0802,017252,,5,1,5,5407,0,1,3,,1,064,"STATE ROUTE 198, EASTBOUND","MOONEY BLVD",500.00,E,N,A,-,Y,,,198,,,,,,E,Y,3,0,3,3,A,-,03,22350,,N,C,C,A,A,H,-,A,D,0,,,,,Y,,A,01,0,1,2,0,0,0,0,0,0,"- ","- ",36.326830000000001,-119.3111,TULARE,VISALIA,-119.31109905,36.326986720000001
90446601,2017,2017-05-01,9480,2017-04-26,0755,016723,,3,1,5,5407,0,1,3,,1,064,"STATE ROUTE 198 (EASTBOUND)","PLAZA DR O/C (E/EDGE)",5.00,W,N,A,-,Y,,,198,,,,,,,Y,4,0,1,3,A,-,03,22350,,N,C,C,A,A,H,-,A,A,0,,,,,Y,,A,01,0,0,1,0,0,0,0,0,0,"- ","- ",36.327210000000001,-119.39,TULARE,VISALIA,-119.38999916,36.32726341
90451011,2017,2017-05-25,9480,2017-04-26,0841,016723,,3,1,5,5407,0,1,3,,1,064,"STATE ROUTE 198 (EASTBOUND)","PLAZA DRIVE O/C",657.00,E,N,A,-,Y,,,198,,,,,,,Y,4,0,1,3,A,-,03,22350,,N,C,C,A,A,H,-,A,D,0,,,,,Y,,A,01,0,0,1,0,0,0,0,0,0,"- ","- ",36.327069999999999,-119.38081,TULARE,VISALIA,-119.38081019000001,36.327162479999998
90454086,2017,2017-05-11,9480,2017-05-09,1720,018202,,2,2,5,5407,0,1,3,,1,064,"SR-198 E/B","MOONEY BLVD",200.00,E,N,A,-,Y,,,198,,,,,,E,Y,4,0,1,2,A,-,03,22350,,N,C,C,A,A,H,-,A,D,0,,,,,Y,,A,01,0,0,1,0,0,0,0,0,0,"- ","- ",36.32687,-119.31259,TULARE,VISALIA,-119.31258923999999,36.326995719999999
90463975,2017,2017-05-30,9480,2017-05-17,0945,015282,,3,1,9,5400,0,1,3,,1,064,"STATE ROUTE 198 WESTBOUND","ROAD 182",0.00,,Y,B,-,Y,,,198,,,,,,W,Y,4,0,1,2,A,-,09,21801,A,F,E,I,A,A,H,-,A,D,0,,,,,Y,,A,01,0,0,1,0,0,0,0,0,0,"- ","- ",36.326970000000003,-119.16656999999999,TULARE,UNINCORPORATED,-119.16656906999999,36.326594470000003
90467467,2017,2017-05-30,9480,2017-05-22,0954,017709,,1,1,5,5407,0,1,3,,1,064,"SR-198 W/B","COUNTY CENTER O/C",69.00,W,N,A,-,Y,,,198,,,,,,W,Y,4,0,1,3,A,-,03,22350,,N,C,C,A,A,H,-,A,D,0,,,,,Y,,A,07,0,0,1,0,0,0,0,0,0,"- ","- ",36.327240000000003,-119.32574,TULARE,VISALIA,-119.32573754000001,36.327163509999998
90469088,2017,2017-06-01,9480,2017-05-26,1733,014351,,5,2,5,5407,0,1,3,,1,064,"SR 198 E/B","SHIRK RD",1056.00,W,N,A,-,Y,,,198,,,,,,E,Y,4,0,3,2,A,-,03,22350,,N,C,C,A,A,H,-,A,D,0,,,,,Y,,D,22,0,0,3,0,0,0,0,0,0,"- ","- ",36.326999999999998,-119.3745,TULARE,VISALIA,-119.37450035000001,36.327175199999999
90469792,2017,2017-06-02,9480,2017-05-29,2107,014351,,1,2,9,5400,0,1,3,,1,044,"RT 198","DEER CREEK DRIVE",265.00,W,N,A,-,Y,,,198,,,,,,,Y,3,0,1,2,A,-,01,23152,A,N,B,C,A,A,H,-,D,D,0,,,,,Y,Y,A,01,0,1,0,0,0,0,0,0,0,"- ","- ",36.463099999999997,-118.87009999999999,TULARE,UNINCORPORATED,-118.87016518999999,36.463138890000003
90469965,2017,2017-06-02,9480,2017-06-01,1905,016046,,4,2,9,5400,0,1,3,,1,044,"STATE ROUTE 198","LONG DRIVE",300.00,E,N,A,-,Y,,,198,,,,,,,Y,3,0,1,1,A,-,08,22107,,N,E,I,A,A,H,-,B,D,0,,,,,Y,,A,07,0,1,0,0,0,0,0,0,0,"- ","- ",36.40202,-119.01027999999999,TULARE,UNINCORPORATED,-119.01027992,36.402017010000002
90470125,2017,2017-06-02,9480,2017-06-01,1621,014351,,4,2,5,5407,0,1,3,,1,064,"SR 198 E/B","PLAZA DR",1056.00,W,N,A,-,Y,,,198,,,,,,E,Y,4,0,1,2,A,-,03,22350,,N,C,C,A,A,H,-,A,D,0,,,,,Y,,A,01,0,0,1,0,0,0,0,0,0,"- ","- ",36.327100000000002,-119.3964,TULARE,VISALIA,-119.3964,36.32725602
90478853,2017,2017-06-15,9480,2017-06-07,1608,014351,,3,2,5,5407,0,1,3,,1,064,"SR 198 E/B","PLAZA DRIVE",1847.00,E,N,A,-,Y,,,198,,,,,,E,Y,4,0,1,2,A,-,08,22107,,N,D,E,A,A,H,-,A,D,0,,,,,Y,,A,07,0,0,1,0,0,0,0,0,0,"- ","- ",36.326999999999998,-119.38373,TULARE,VISALIA,-119.38372874,36.327137069999999
90492456,2017,2017-07-03,9480,2017-06-20,0745,013821,,2,1,9,5400,0,1,3,,1,044,"SR-198 E/B","SEQUOIA NATIONAL FORREST ENTRANCE",1056.00,W,N,A,-,Y,,,198,,,,,,E,Y,4,0,1,2,A,-,03,22350,,N,C,C,A,A,H,-,A,D,0,,,,,Y,,D,22,0,0,1,0,0,0,0,0,0,"- ","- ",36.479959999999998,-118.83841,TULARE,UNINCORPORATED,-118.83853664999999,36.480056650000002
90494159,2017,2017-07-05,9480,2017-06-12,1055,016723,,1,1,9,5400,0,1,3,,1,064,"STATE ROUTE 198 (WESTBOUND)","SPRUCE ROAD (ROAD 204)",0.00,,Y,A,-,Y,,,198,,,,,,,Y,4,0,3,2,A,-,12,21453,A,N,D,C,A,A,H,-,A,A,0,,,,,Y,,D,22,0,0,3,0,0,0,0,0,0,"- ","- ",36.325870000000002,-119.11698,TULARE,UNINCORPORATED,-119.11698031,36.325856020000003
90494230,2017,2017-07-05,9480,2017-06-29,1420,020871,,4,2,5,5407,0,1,3,,1,044,"SR-198 W/B","GIDDINGS ST",450.00,W,N,A,-,Y,,,198,,,,,,W,Y,3,0,1,2,A,-,07,21658,A,N,B,C,A,A,H,-,A,D,0,,,,,Y,,A,01,0,1,0,0,0,0,0,0,0,"- ","- ",36.327080000000002,-119.30385,TULARE,VISALIA,-119.30385084,36.326943200000002
90494310,2017,2017-07-05,9480,2017-06-29,1500,020871,,4,2,5,5407,0,1,3,,1,064,"SR-198 W/B","BRIDGE ST",200.00,W,N,A,-,Y,,,198,,,,,,W,Y,4,0,1,3,A,-,03,22350,,N,C,C,A,A,H,-,A,D,0,,,,,Y,,A,01,0,0,1,0,0,0,0,0,0,"- ","- ",36.32694,-119.2898,TULARE,VISALIA,-119.28979996,36.326906979999997
90499983,2017,2017-07-13,9480,2017-07-05,1710,016723,,3,2,5,5407,0,1,3,,1,064,"STATE ROUTE 198 (EASTBOUND)","BURKE ST.",312.00,W,N,A,-,Y,,,198,,,,,,,Y,4,0,1,3,A,-,03,22350,,N,C,C,A,A,H,-,A,D,0,,,,,Y,,D,22,0,0,1,0,0,0,0,0,0,"- ","- ",36.326770000000003,-119.28442,TULARE,VISALIA,-119.28442020999999,36.32691294
90500789,2017,2018-03-20,9480,2017-07-03,1609,014351,,1,2,9,5400,0,1,3,,1,044,"RT 198","MEHRTEN DR",4224.00,E,N,A,-,Y,,,198,,,,,,,Y,3,0,6,2,A,-,08,22107,,N,D,C,A,A,H,-,A,D,0,,,,,Y,,J,48,0,4,2,0,0,0,0,0,0,"- ","- ",36.352800000000002,-119.0444,TULARE,UNINCORPORATED,-119.04445509,36.352895820000001
90507761,2017,2017-07-25,9480,2017-07-20,1005,016046,,4,1,5,5407,0,1,3,,1,064,"STATE ROUTE 198 (WESTBOUND)","MOONEY BLVD",300.00,E,N,A,-,Y,,,198,,,,,,,Y,4,0,1,2,A,-,07,21658,A,F,B,C,A,A,H,-,A,A,0,,,,,Y,,D,22,0,0,1,0,0,0,0,0,0,"- ","- ",36.327100000000002,-119.31296,TULARE,VISALIA,-119.31296061,36.326998009999997
90509600,2017,2017-07-27,9480,2017-07-12,0625,016210,,3,1,9,5400,0,1,3,,1,044,SR-198,"ROAD 248",12144.00,E,N,A,-,Y,,,198,,,,,,,Y,2,0,1,1,A,-,01,23152,A,N,F,A,A,A,A,-,A,D,0,,,,,Y,Y,D,22,1,0,0,0,0,0,0,0,0,"- ","- ",36.397089999999999,-118.99106999999999,TULARE,UNINCORPORATED,-118.99115721,36.397038520000002
90511651,2017,2017-07-28,9480,2017-07-14,0905,013821,,5,1,9,5400,0,1,3,,1,064,"SR-198 E/B TO FARMERSVILLE BOULEVARD","FARMERSVILLE BLVD",100.00,W,N,A,-,Y,,,198,,,,R,,E,Y,2,0,1,1,A,-,03,22350,,M,E,I,A,A,H,-,A,D,0,,,,,Y,,A,01,1,0,0,0,0,0,0,0,0,"- ","- ",36.3262,-119.20889,TULARE,UNINCORPORATED,-119.20889,36.3262
90518266,2017,2017-08-07,9480,2017-08-04,1812,019111,,5,2,5,5407,0,1,3,,1,064,"STATE ROUTE 198","SHIRK RD",1056.00,W,N,A,-,Y,,,198,,,,,,,Y,4,0,2,2,A,-,03,22350,,N,C,C,A,A,H,-,A,D,0,,,,,Y,,A,01,0,0,2,0,0,0,0,0,0,"- ","- ",36.327199999999998,-119.3747,TULARE,VISALIA,-119.37469994999999,36.327174929999998
90518894,2017,2017-08-08,9480,2017-08-05,0615,016233,,6,1,9,5400,0,1,3,,1,040,SR-216,"RD. 200",200.00,E,N,A,-,Y,,,216,,,,,,,N,4,0,1,1,A,-,08,22107,,N,E,I,A,A,H,-,B,D,0,,,,,Y,,D,22,0,0,1,0,0,0,0,0,0,"- ","- ",36.413679999999999,-119.12512,TULARE,UNINCORPORATED,-119.12512006,36.413764190000002
90523976,2017,2017-08-15,9480,2017-08-14,0755,017252,,1,1,5,5407,0,1,3,,1,064,"STATE ROUTE 198, WESTBOUND","CONYER STREET",200.00,E,N,A,-,Y,,,198,,,,,,W,Y,4,0,1,3,A,-,03,22350,,N,C,C,A,A,H,-,A,D,0,,,,,Y,,A,01,0,0,1,0,0,0,0,0,0,"- ","- ",36.326979999999999,-119.30009,TULARE,VISALIA,-119.30009034,36.326920579999999
90526527,2017,2017-08-18,9480,2017-08-09,1710,019647,,3,2,5,5407,0,1,3,,1,064,"SR-198 W/B","GIDDINGS ST",165.00,E,N,A,-,Y,,,198,,,,,,W,Y,4,0,1,2,A,-,03,22350,,N,C,C,A,A,H,-,A,D,0,,,,Y,Y,,F,55,0,0,1,0,0,0,0,0,0,"- ","- ",36.326999999999998,-119.3045,TULARE,VISALIA,-119.30450032,36.326947189999998
90527408,2017,2017-08-21,9480,2017-08-09,1158,016210,,3,1,9,5400,0,1,3,,1,044,SR-198,"YOKOHL DR",800.00,W,N,A,-,Y,,,198,,,,,,,Y,3,0,1,2,A,-,17,23114,A,M,E,J,A,A,H,-,A,D,0,,,,Y,Y,,G,25,0,1,0,0,0,0,0,0,0,"- ","- ",36.325389999999999,-119.08047000000001,TULARE,UNINCORPORATED,-119.08047008,36.325391140000001
90530536,2017,2017-08-24,9480,2017-08-06,0425,019349,,7,3,9,5400,0,1,3,,1,064,"STATE ROUTE 198","FARMERSVILLE BLVD",2972.00,E,N,A,-,Y,,,198,,,,,,,Y,2,0,1,1,A,-,08,22107,,N,E,I,A,A,H,-,C,D,0,,,,,Y,,A,01,1,0,0,0,0,0,0,0,0,"- ","- ",36.326689999999999,-119.19835999999999,TULARE,UNINCORPORATED,-119.19835979,36.326758419999997
90530539,2017,2017-08-24,9480,2017-08-17,1612,019647,,4,2,5,5407,0,1,3,,1,064,"SR-198 W/B","PLAZA DR",36.00,E,N,A,-,Y,,,198,,,,,,W,Y,3,0,1,1,A,-,08,22107,,N,E,I,A,A,H,-,A,D,0,,,Y,,Y,,C,02,0,1,0,0,0,0,0,0,1,"- ","- ",36.327399999999997,-119.3895,TULARE,VISALIA,-119.38950348,36.327253829999997
90534076,2017,2017-08-25,9480,2017-08-22,0805,012568,,2,1,5,5407,0,1,3,,1,064,"SR-198 W/B","BURKE ST. O/C",466.00,W,N,A,-,Y,,,198,,,,,,W,Y,3,0,3,3,A,-,03,22350,,N,C,C,A,A,H,-,A,D,0,,,,,Y,,A,07,0,1,2,0,0,0,0,0,0,"- ","- ",36.326970000000003,-119.28496,TULARE,VISALIA,-119.28495991,36.326912139999997
90540243,2017,2017-09-05,9480,2017-08-23,0950,016210,,3,1,9,5400,0,1,3,,1,040,SR-216,"ROAD 196",0.00,,Y,A,-,Y,,,216,,,,,,,Y,4,0,1,2,A,-,12,22450,A,N,D,C,A,A,H,-,A,A,0,,,,,Y,,A,07,0,0,1,0,0,0,0,0,0,"- ","- ",36.414020000000001,-119.13463,TULARE,UNINCORPORATED,-119.13462907,36.413802320000002
90540249,2017,2017-09-05,9480,2017-08-26,1819,019048,,6,2,9,5400,0,1,3,,1,044,SR-198,"S. FORK DRIVE",2112.00,W,N,A,-,Y,,,198,,,,,,,Y,4,0,2,2,A,-,03,22350,,N,C,C,A,A,H,-,A,D,0,,,,,Y,,A,07,0,0,2,0,0,0,0,0,0,"- ","- ",36.428190000000001,-118.91349,TULARE,UNINCORPORATED,-118.91351684999999,36.428214879999999
90540321,2017,2017-09-05,9480,2017-08-29,0050,015783,,2,3,5,5407,0,1,3,,1,064,"SR-198 WESTBOUND","MOONEY BOULEVARD",579.00,W,N,A,-,Y,,,198,,,,,,W,Y,3,0,2,1,A,-,08,22107,,N,E,I,A,A,H,-,D,D,0,,,,,Y,,A,01,0,2,0,0,0,0,0,0,0,"- ","- ",36.327249999999999,-119.31632,TULARE,VISALIA,-119.31633457,36.327103530000002
90541861,2017,2017-09-06,9480,2017-08-31,1600,015290,,4,2,5,5407,0,1,3,,1,064,"SR-198 E/B","PLAZA DR",500.00,W,N,A,-,Y,,,198,,,,,,E,N,4,0,2,2,A,-,03,22350,,N,C,C,A,A,H,-,A,D,0,,,,,Y,,A,01,0,0,2,0,0,0,0,0,0,"- ","- ",36.327370000000002,-119.39142,TULARE,VISALIA,-119.39141970999999,36.327268650000001
90543019,2017,2017-09-07,9480,2017-09-06,1503,019048,,3,2,5,5407,0,1,3,,1,064,"SR-198 W/B","PLAZA DR",1709.00,E,N,A,-,Y,,,198,,,,,,W,Y,3,0,1,2,A,-,03,22350,,F,C,C,A,A,H,-,A,D,0,,,,,Y,,D,22,0,1,0,0,0,0,0,0,0,"- ","- ",36.32732,-119.38402000000001,TULARE,VISALIA,-119.38402164999999,36.327139780000003
90545410,2017,2017-09-12,9480,2017-08-31,1450,015290,,4,2,5,5407,0,1,3,,1,064,"SR-198 E/B","SHIRK RD",1270.00,W,N,A,-,Y,,,198,,,,,,E,Y,3,0,2,7,A,-,03,22350,,M,C,C,A,A,H,-,A,D,0,,,,,Y,,A,01,0,1,1,0,0,0,0,0,0,"- ","- ",36.327109999999998,-119.372,TULARE,VISALIA,-119.37200014,36.327180249999998
90547646,2017,2017-09-14,9480,2017-09-07,1602,019048,,4,2,9,5400,0,1,3,,1,040,SR-216,"MILLWOOD DR",184.00,E,N,A,-,Y,,,216,,,,,,,Y,4,0,1,3,A,-,03,22350,,N,C,C,A,A,H,-,A,A,0,,,,,Y,,A,01,0,0,1,0,0,0,0,0,0,"- ","- ",36.413849999999996,-119.13878,TULARE,UNINCORPORATED,-119.13878009,36.413812020000002
90548444,2017,2017-09-15,9480,2017-09-08,0945,014351,,5,1,5,5407,0,1,3,,1,064,"RT 198","PLAZA DR",1990.00,E,N,A,-,Y,,,198,,,,,,,N,4,0,1,2,A,-,07,21658,A,M,B,C,A,A,H,-,A,D,0,,,,,Y,,A,01,0,0,1,0,0,0,0,0,0,"- ","- ",36.326999999999998,-119.38249999999999,TULARE,VISALIA,-119.38249885,36.327125780000003
90550129,2017,2017-09-18,9480,2017-09-12,1620,016723,,2,2,9,5400,0,1,3,,1,044,"STATE ROUTE 198","SLICK ROCK ENTRANCE",35.00,W,N,A,-,Y,,,198,,,,,,,Y,4,0,1,2,A,-,03,22350,,N,C,C,A,A,H,-,A,D,0,,,,,Y,,A,01,0,0,1,0,0,0,0,0,0,"- ","- ",36.411340000000003,-118.93622000000001,TULARE,UNINCORPORATED,-118.93622554,36.411360219999999
90551261,2017,2017-09-19,9480,2017-09-16,1033,016233,,6,1,5,5407,0,1,3,,1,064,"SR-198 W/B","SHIRK RD",1558.00,E,N,A,-,Y,,,198,,,,,,W,Y,4,0,1,2,A,-,04,21703,,N,C,C,A,A,D,E,A,A,0,,,,,Y,,A,01,0,0,1,0,0,0,0,0,0,"- ","- ",36.327629999999999,-119.3638,TULARE,VISALIA,-119.36379967000001,36.327190539999997
90553107,2017,2017-09-21,9480,2017-09-15,0800,014351,,5,1,5,5407,0,1,3,,1,064,"SR 198 (WESTBOUND)","BRIDGE ST",150.00,E,N,A,-,Y,,,198,,,,,,,N,4,0,1,2,A,-,03,22350,,N,C,C,A,A,H,-,A,D,0,,,,,Y,,A,01,0,0,1,0,0,0,0,0,0,"- ","- ",36.326999999999998,-119.28870000000001,TULARE,VISALIA,-119.28870000000001,36.326908029999998
90560101,2017,2017-09-29,9480,2017-09-19,1320,016210,,2,1,9,5400,0,1,3,,1,034,"SR-198 W/B","ROAD 64",290.00,W,N,A,-,Y,,,198,,,,,,W,Y,3,0,1,2,A,-,03,22350,,N,C,C,A,A,H,-,A,A,0,,,,Y,Y,,A,07,0,1,0,0,0,0,0,0,0,"- ","- ",36.327570000000001,-119.43235,TULARE,UNINCORPORATED,-119.43235404000001,36.327175959999998
90564106,2017,2017-10-05,9480,2017-10-02,1805,015290,,1,2,5,5407,0,1,3,,1,064,"SR-198 W/B","DEMAREE ST",650.00,E,N,A,-,Y,,,198,,,,,,W,Y,4,0,1,2,A,-,07,21658,A,N,B,C,A,A,H,-,D,D,0,,,,,Y,,A,01,0,0,1,0,0,0,0,0,0,"- ","- ",36.32714,-119.32948,TULARE,VISALIA,-119.32947926,36.327071750000002
90566674,2017,2017-10-10,9480,2017-10-01,2200,019789,,7,3,9,5400,0,1,3,,1,044,"STATE ROUTE 198","PIERCE DR",5808.00,W,N,A,-,Y,,,198,,,,,,,Y,3,0,2,1,A,-,01,23152,E,N,F,A,A,A,H,-,D,D,0,,,,,Y,,A,01,0,2,0,0,0,0,0,0,0,"- ","- ",36.408929999999998,-118.94645,TULARE,UNINCORPORATED,-118.94648447,36.408953920000002
90570238,2017,2017-10-13,9480,2017-10-12,0655,014351,,4,1,9,5400,0,1,3,,1,064,"SR 198 E/B","RT 65",465.00,W,N,A,-,Y,,,198,,,,,,E,Y,4,0,1,2,A,-,03,22350,,N,C,C,A,A,H,-,B,A,0,,,,,Y,,D,22,0,0,1,0,0,0,0,0,0,"- ","- ",36.326000000000001,-119.13639999999999,TULARE,UNINCORPORATED,-119.13640168000001,36.326114060000002
90572373,2017,2017-10-18,9480,2017-10-17,0815,014351,,2,1,5,5407,0,1,3,,1,064,"SR 198 W/B","CONYER ST",1080.00,E,N,A,-,Y,,,198,,,,,,W,Y,4,0,1,2,A,-,03,22350,,N,C,C,A,A,D,-,A,A,0,,,,,Y,,A,01,0,0,1,0,0,0,0,0,0,"- ","- ",36.326999999999998,-119.29706,TULARE,VISALIA,-119.29706055,36.326903399999999
90574945,2017,2017-10-20,9480,2017-10-17,1925,017108,,2,2,9,5400,0,1,3,,1,040,"STATE ROUTE 216 (MILLWOOD DRIVE)","ROAD 172",1450.00,E,N,A,-,Y,,,216,,,,,,,Y,4,0,1,1,A,-,08,22107,,N,E,J,A,A,H,-,D,D,0,,,,,Y,,A,01,0,0,1,0,0,0,0,0,0,"- ","- ",36.392049999999998,-119.18458,TULARE,UNINCORPORATED,-119.1845667,36.392021870000001
90576932,2017,2017-10-24,9480,2017-10-14,0220,019789,,6,3,9,5400,0,1,3,,1,044,"SR-198 E/B","PIERCE DR",1056.00,W,N,A,-,Y,,,198,,,,,,E,Y,3,0,1,1,A,-,01,23152,A,N,E,I,A,A,H,-,D,D,0,,,,,Y,Y,D,22,0,1,0,0,0,0,0,0,0,"- ","- ",36.411549999999998,-118.93133,TULARE,UNINCORPORATED,-118.93132799999999,36.411637659999997
90577619,2017,2017-10-24,9480,2017-10-16,2025,017108,,1,2,9,5400,0,1,3,,1,040,"STATE ROUTE 216","ROAD 158",35.00,E,N,A,-,Y,,,216,,,,,,,Y,3,0,3,2,A,-,12,22450,A,N,D,C,A,A,H,-,D,A,0,,,,,Y,,D,22,0,1,2,0,0,0,0,0,0,"- ","- ",36.349139999999998,-119.22027,TULARE,UNINCORPORATED,-119.22026999000001,36.349140370000001
90579642,2017,2017-10-26,9480,2017-10-23,1540,017108,,1,2,9,5400,0,1,3,,1,044,"STATE ROUTE 198","ROAD 220",0.00,,Y,A,-,Y,,,198,,,,,,,Y,4,0,2,2,A,-,09,21801,A,N,D,C,A,A,H,-,A,A,0,,,,,Y,,A,07,0,0,2,0,0,0,0,0,0,"- ","- ",36.325429999999997,-119.08122,TULARE,UNINCORPORATED,-119.08122052,36.32539122
90579656,2017,2017-10-26,9480,2017-10-13,1530,016723,,5,2,5,5407,0,1,3,,1,064,"STATE ROUTE 198 (WESTBOUND)","PLAZA DRIVE O/C",1301.00,E,N,A,-,Y,,,198,,,,,,,Y,3,0,1,2,A,-,07,21658,A,N,E,I,A,A,H,-,A,D,0,,,,,Y,,A,07,0,1,0,0,0,0,0,0,0,"- ","- ",36.32723,-119.38527000000001,TULARE,VISALIA,-119.38527071999999,36.327151229999998
90583642,2017,2017-10-31,9480,2017-10-25,0745,013821,,3,1,9,5400,0,1,3,,1,044,"SR-198 E/B","OLD THREE RIVERS ROAD",2290.00,E,N,A,-,Y,,,198,,,,,,E,Y,3,0,1,2,A,-,03,22350,,N,C,C,A,A,H,-,A,D,0,,,,,Y,,D,22,0,1,0,0,0,0,0,0,0,"- ","- ",36.427610000000001,-118.91423,TULARE,UNINCORPORATED,-118.91416218000001,36.42754695
90583707,2017,2017-10-31,9480,2017-10-25,1040,013821,,3,1,9,5400,0,1,3,,1,040,"SR-216 E/B","EL-RIO DRIVE",1148.00,E,N,A,-,Y,,,216,,,,,,E,N,4,0,1,2,A,-,03,22350,,N,C,C,A,A,H,-,A,D,0,,,,,Y,,A,01,0,0,1,0,0,0,0,0,0,"- ","- ",36.360280000000003,-119.21598,TULARE,UNINCORPORATED,-119.21613069,36.360284989999997
90585146,2017,2017-11-01,9480,2017-10-27,2240,016145,,5,3,5,5407,0,1,3,,1,064,"SR-198 W/B","LOVERS LANE",1584.00,E,N,A,-,Y,,,198,,,,,,W,Y,3,0,2,3,A,-,03,22350,,N,C,C,A,A,G,H,C,D,0,,,Y,,Y,,C,02,0,2,0,0,0,0,0,0,1,"- ","- ",36.327080000000002,-119.25315999999999,TULARE,VISALIA,-119.25316026,36.327042290000001
90586604,2017,2017-11-03,9480,2017-11-01,2155,016145,,3,2,5,5407,0,1,3,,1,064,"SR-198 E/B","MOONEY BLVD",20.00,E,N,A,-,Y,,,198,,,,,,E,Y,3,0,1,2,A,-,03,22350,,N,C,C,A,A,H,-,C,D,0,,,,,Y,,A,01,0,1,0,0,0,0,0,0,0,"- ","- ",36.326920000000001,-119.31377000000001,TULARE,VISALIA,-119.31376950000001,36.32700285
90586640,2017,2017-11-03,9480,2017-10-21,0120,016145,,6,3,9,5400,0,1,3,,1,064,"SR-198 W/B",SR-99,1584.00,E,N,A,-,Y,,,198,,,,,,W,Y,3,0,1,1,A,-,01,23152,A,N,F,A,A,A,H,-,D,D,0,,,,,Y,Y,A,01,0,1,0,0,0,0,0,0,0,"- ","- ",36.327669999999998,-119.40334,TULARE,UNINCORPORATED,-119.40333928,36.327672130000003
90591662,2017,2017-11-09,9480,2017-11-07,0748,016046,,2,1,5,5407,0,1,3,,1,064,"STATE ROUTE 198 (W/B) TO AKERS ST.","AKERS STREET",710.00,E,N,A,-,Y,,,198,,,,R,,,N,4,0,1,3,A,-,03,22350,,N,C,C,A,A,H,-,A,D,0,,,,,Y,,A,01,0,0,1,0,0,0,0,0,0,"- ","- ",36.328060000000001,-119.34513,TULARE,VISALIA,-119.34513,36.328060000000001
90602279,2017,2017-11-27,9480,2017-11-13,0640,013821,,1,1,9,5400,0,1,3,,1,064,"SR-198 E/B","FARMERSVILLE BLVD O/C",2640.00,E,N,A,-,Y,,,198,,,,,,E,Y,2,0,1,1,A,-,08,22107,,N,E,I,A,A,H,-,A,D,0,,,,,Y,,A,07,1,0,0,0,0,0,0,0,0,"- ","- ",36.326700000000002,-119.19828,TULARE,UNINCORPORATED,-119.19827982,36.326758179999999