CASE_ID,ACCIDENT_YEAR,PROC_DATE,JURIS,COLLISION_DATE,COLLISION_TIME,OFFICER_ID,REPORTING_DISTRICT,DAY_OF_WEEK,CHP_SHIFT,POPULATION,CNTY_CITY_LOC,SPECIAL_COND,BEAT_TYPE,CHP_BEAT_TYPE,CITY_DIVISION_LAPD,CHP_BEAT_CLASS,BEAT_NUMBER,PRIMARY_RD,SECONDARY_RD,DISTANCE,DIRECTION,INTERSECTION,WEATHER_1,WEATHER_2,STATE_HWY_IND,CALTRANS_COUNTY,CALTRANS_DISTRICT,STATE_ROUTE,ROUTE_SUFFIX,POSTMILE_PREFIX,POSTMILE,LOCATION_TYPE,RAMP_INTERSECTION,SIDE_OF_HWY,TOW_AWAY,COLLISION_SEVERITY,NUMBER_KILLED,NUMBER_INJURED,PARTY_COUNT,PRIMARY_COLL_FACTOR,PCF_CODE_OF_VIOL,PCF_VIOL_CATEGORY,PCF_VIOLATION,PCF_VIOL_SUBSECTION,HIT_AND_RUN,TYPE_OF_COLLISION,MVIW,PED_ACTION,ROAD_SURFACE,ROAD_COND_1,ROAD_COND_2,LIGHTING,CONTROL_DEVICE,CHP_ROAD_TYPE,PEDESTRIAN_ACCIDENT,BICYCLE_ACCIDENT,MOTORCYCLE_ACCIDENT,TRUCK_ACCIDENT,NOT_PRIVATE_PROPERTY,ALCOHOL_INVOLVED,STWD_VEHTYPE_AT_FAULT,CHP_VEHTYPE_AT_FAULT,COUNT_SEVERE_INJ,COUNT_VISIBLE_INJ,COUNT_COMPLAINT_PAIN,COUNT_PED_KILLED,COUNT_PED_INJURED,COUNT_BICYCLIST_KILLED,COUNT_BICYCLIST_INJURED,COUNT_MC_KILLED,COUNT_MC_INJURED,PRIMARY_RAMP,SECONDARY_RAMP,LATITUDE,LONGITUDE,COUNTY,CITY,POINT_X,POINT_Y
90933048,2019,2019-02-25,9480,2019-02-16,1856,019048,,6,2,9,5400,0,1,3,,1,040,SR-216,"ROAD 168",0.00,,Y,B,C,Y,,,216,,,,,,,Y,4,0,2,2,A,-,12,22450,A,N,D,C,A,B,H,-,D,A,0,,,,,Y,,D,22,0,0,2,0,0,0,0,0,0,"- ","- ",36.385578155517578,-119.19774627685547,TULARE,UNINCORPORATED,-119.19776916503906,36.3856201171875
90933637,2019,2019-02-25,9480,2019-02-16,0152,020890,,6,3,5,5407,0,1,3,,1,064,"STATE ROUTE 198 (WESTBOUND)","CONYER STREET",500.00,W,N,B,-,Y,,,198,,,,,,,N,3,0,2,1,A,-,01,23152,A,F,E,I,A,B,H,-,D,D,0,,,,,Y,Y,A,01,0,2,0,0,0,0,0,0,0,"- ","- ",36.327091217041016,-119.30281066894531,TULARE,VISALIA,-119.30281066894531,36.326938629150391
90934244,2019,2019-02-26,9480,2019-02-16,0125,020890,,6,3,5,5407,0,1,3,,1,064,"STATE ROUTE 198 (WESTBOUND)","MOONEY BLVD",750.00,W,N,B,-,Y,,,198,,,,,,,Y,3,0,1,1,A,-,01,23152,A,N,F,A,A,A,H,-,D,D,0,,,,,Y,Y,A,01,0,1,0,0,0,0,0,0,0,"- ","- ",36.327369689941406,-119.3167724609375,TULARE,VISALIA,-119.31679534912109,36.3271484375
90935253,2019,2019-02-27,9480,2019-02-21,1440,019048,,4,2,9,5400,0,1,3,,1,064,"SR-198 W/B","ROAD 182",0.00,,Y,B,-,Y,,,198,,,,,,W,Y,3,0,2,2,A,-,09,21801,A,N,D,C,A,A,H,-,A,D,0,,,,,Y,,A,07,0,1,1,0,0,0,0,0,0,"- ","- ",36.326610565185547,-119.16602325439453,TULARE,UNINCORPORATED,-119.16602325439453,36.326591491699219
90938969,2019,2019-03-04,9480,2019-02-26,1605,019932,,2,2,5,5407,0,1,3,,1,034,"SR-198 E/B TO LOVERS LANE","LOVERS LANE",800.00,W,N,B,-,Y,,,198,,,,R,,E,Y,4,0,1,2,A,-,04,21703,,N,C,C,A,A,H,-,A,A,0,,,,,Y,,D,22,0,0,1,0,0,0,0,0,0,"- ","- ",36.3271484375,-119.26261138916016,TULARE,VISALIA,-119.26261138916016,36.3271484375
90940283,2019,2019-03-05,9480,2019-02-25,1510,016995,,1,2,9,5400,0,1,3,,1,044,"STATE ROUTE 198","MINERAL KING RD",1584.00,E,N,A,-,Y,,,198,,,,,,,Y,2,0,1,2,A,-,05,21460,A,N,B,C,A,A,H,-,A,D,0,,,Y,,Y,,C,02,1,0,0,0,0,0,0,0,1,"- ","- ",36.471469879150391,-118.85855865478516,TULARE,UNINCORPORATED,-118.85856628417969,36.471492767333984
90946505,2019,2019-03-14,9480,2019-03-05,2140,020890,,2,2,5,5407,0,1,3,,1,064,"STATE ROUTE 198 (WESTBOUND)","DEMAREE ST",528.00,W,N,C,-,Y,,,198,,,,,,,Y,4,0,1,2,A,-,08,22107,,F,B,C,A,B,H,-,D,D,0,,,,,Y,,A,01,0,0,1,0,0,0,0,0,0,"- ","- ",36.327480316162109,-119.33399963378906,TULARE,VISALIA,-119.33401489257812,36.327312469482422
90948382,2019,2019-03-18,9480,2019-03-11,0914,016046,,1,1,9,5400,0,1,3,,1,064,"STATE ROUTE 198 (WESTBOUND)","ROAD 182",0.00,,Y,A,-,Y,,,198,,,,,,,Y,4,0,1,2,A,-,09,21801,A,N,D,C,A,A,H,-,A,D,0,,,,,Y,,A,01,0,0,1,0,0,0,0,0,0,"- ","- ",36.326549530029297,-119.16655731201172,TULARE,UNINCORPORATED,-119.16655731201172,36.326595306396484
90948423,2019,2019-03-18,9480,2019-03-12,0815,016210,,2,1,5,5407,0,1,3,,1,064,"SR-198 E/B","CONYER ST",367.00,W,N,A,-,Y,,,198,,,,,,E,Y,4,0,1,2,A,-,03,22350,,N,C,C,A,A,H,-,A,D,0,,,,,Y,,D,22,0,0,1,0,0,0,0,0,0,"- ","- ",36.326820373535156,-119.30246734619141,TULARE,VISALIA,-119.30246734619141,36.326934814453125
90952313,2019,2019-03-25,9480,2019-03-16,0238,020612,,6,3,5,5407,0,1,3,,1,064,"STATE ROUTE 198 WESTBOUND","PLAZA DRIVE",1100.00,E,N,A,-,Y,,,198,,,,,,W,Y,3,0,1,1,A,-,08,22107,,N,E,I,A,A,H,-,D,D,0,,,,,Y,,A,01,0,1,0,0,0,0,0,0,0,"- ","- ",36.327278137207031,-119.38292694091797,TULARE,VISALIA,-119.3829345703125,36.327129364013672
90952561,2019,2019-03-25,9480,2019-03-20,0820,015282,,3,1,5,5407,0,1,3,,1,064,"STATE ROUTE 198 EASTBOUND","SOUTH CONYER STREET OVERCROSSING",200.00,W,N,B,-,Y,,,198,,,,,,E,N,4,0,1,2,A,-,03,22350,,N,C,C,A,A,H,-,A,D,0,,,,,Y,,A,01,0,0,1,0,0,0,0,0,0,"- ","- ",36.326801300048828,-119.30158996582031,TULARE,VISALIA,-119.30158996582031,36.326930999755859
90955764,2019,2019-03-28,9480,2019-03-22,0805,015047,,5,1,5,5407,0,1,3,,1,064,"SR 198 (E/B)","MOONEY BLVD",2168.00,W,N,A,-,Y,,,198,,,,,,,Y,4,0,1,4,A,-,03,22350,,N,C,C,A,A,H,-,A,D,0,,,,,Y,,D,22,0,0,1,0,0,0,0,0,0,"- ","- ",36.327049255371094,-119.32215118408203,TULARE,VISALIA,-119.32217407226562,36.327373504638672
90959428,2019,2019-04-02,9480,2019-03-22,0235,020890,,5,3,5,5407,0,1,3,,1,064,"STATE ROUTE 198 (WESTBOUND)","SHIRK ROAD",1584.00,E,N,A,-,Y,,,198,,,,,,,Y,4,0,1,1,A,-,01,23152,A,N,F,A,A,A,H,-,D,D,0,,,,,Y,Y,A,01,0,0,1,0,0,0,0,0,0,"- ","- ",36.327468872070312,-119.36173248291016,TULARE,VISALIA,-119.36173248291016,36.327190399169922
90962327,2019,2019-04-05,9480,2019-01-31,0740,013821,,4,1,9,5400,0,1,3,,1,064,"STATE ROUTE 198 (WESTBOUND)","ROAD 182",4330.00,E,N,B,C,Y,,,198,,,,,,,Y,1,1,0,2,A,-,03,22350,,N,C,C,A,B,E,-,A,D,0,,,,,Y,,D,22,0,0,0,0,0,0,0,0,0,"- ","- ",36.326519012451172,-119.155517578125,TULARE,UNINCORPORATED,-119.15552520751953,36.326450347900391
90963152,2019,2019-04-08,9480,2019-03-28,0505,020890,,4,3,5,5407,0,1,3,,1,064,"STATE ROUTE 198 (EASTBOUND)","BEN MADDOX WAY",110.00,W,N,A,-,Y,,,198,,,,,,,Y,3,0,1,1,A,-,01,23152,A,N,E,I,A,A,H,-,D,D,0,,,,,Y,Y,A,01,0,1,0,0,0,0,0,0,0,"- ","- ",36.326541900634766,-119.27889251708984,TULARE,VISALIA,-119.27886962890625,36.326702117919922
90963313,2019,2019-04-08,9480,2019-03-31,1900,019697,,7,2,5,5407,0,1,3,,1,064,"SR-198 W/B","SHIRK RD",3168.00,W,N,A,-,Y,,,198,,,,,,W,Y,2,0,2,2,A,-,07,21658,A,N,H,I,A,A,H,-,A,D,0,,,,,Y,,A,01,1,1,0,0,0,0,0,0,0,"- ","- ",36.327430725097656,-119.37838745117188,TULARE,VISALIA,-119.37838745117188,36.327167510986328
90963471,2019,2019-04-08,9480,2019-03-31,1914,020078,,7,2,5,5407,0,1,3,,1,064,"SR-198 W/B","PLAZA DR",2040.00,E,N,A,-,Y,,,198,,,,,,W,Y,4,0,2,3,A,-,03,22350,,N,C,C,A,A,H,-,A,D,0,,,,,Y,,D,22,0,0,2,0,0,0,0,0,0,"- ","- ",36.327228546142578,-119.38291931152344,TULARE,VISALIA,-119.38291931152344,36.327129364013672
90964288,2019,2019-04-09,9480,2019-03-31,2013,020078,,7,2,5,5407,0,1,3,,1,064,"SR-198 W/B","SHIRK RD",1542.00,W,N,A,-,Y,,,198,,,,,,W,Y,4,0,1,3,A,-,03,22350,,N,C,C,A,A,H,-,D,D,0,,,,,Y,,D,22,0,0,1,0,0,0,0,0,0,"- ","- ",36.327350616455078,-119.37309265136719,TULARE,VISALIA,-119.37309265136719,36.327178955078125
90965052,2019,2019-04-10,9480,2019-03-19,1355,013821,,2,1,9,5400,0,1,3,,1,044,"SR-198 E/B",SR-216,70.00,W,N,A,-,Y,,,198,,,,,,E,Y,3,0,1,2,A,-,03,22350,,N,C,C,A,A,H,-,A,D,0,,,Y,,Y,,C,02,0,1,0,0,0,0,0,0,1,"- ","- ",36.395030975341797,-119.02191925048828,TULARE,UNINCORPORATED,-119.02191925048828,36.395030975341797
90967749,2019,2019-04-15,9480,2019-04-06,1435,019697,,6,2,9,5400,0,1,3,,1,044,SR-198,"ROAD 248",14256.00,E,N,A,-,Y,,,198,,,,,,,Y,3,0,1,1,A,-,08,22107,,N,E,I,A,A,H,-,A,D,0,,,,,Y,,D,22,0,1,0,0,0,0,0,0,0,"- ","- ",36.398239135742188,-118.98391723632812,TULARE,UNINCORPORATED,-118.98392486572266,36.398250579833984
90968852,2019,2019-04-16,9480,2019-04-10,1645,019697,,3,2,5,5407,0,1,3,,1,064,"SR-198 W/B FROM MINERAL KING AVE.","CONYER ST.",405.00,E,N,A,-,Y,,,198,,,,R,,W,Y,4,0,1,1,A,-,08,22107,,N,E,I,A,A,H,-,A,D,0,,,,,Y,,A,01,0,0,1,0,0,0,0,0,0,"- ","- ",36.327079772949219,-119.29942321777344,TULARE,VISALIA,-119.29942321777344,36.327079772949219
90969664,2019,2019-04-17,9480,2019-04-13,1202,016723,,6,1,9,5400,0,1,3,,1,044,"STATE ROUTE 198","LEMON ROAD",175.00,E,N,A,-,Y,,,198,,,,,,,Y,2,0,1,2,A,-,05,21460,A,N,B,C,A,A,H,-,A,D,0,,,Y,,Y,,C,02,1,0,0,0,0,0,0,0,1,"- ","- ",36.386070251464844,-119.02461242675781,TULARE,UNINCORPORATED,-119.02460479736328,36.386054992675781
90971452,2019,2019-04-19,9480,2019-04-10,2305,016145,,3,3,9,5400,0,1,3,,1,064,"SR-198 W/B","RD 196",527.00,W,N,A,-,Y,,,198,,,,,,W,Y,3,0,3,3,A,-,01,23152,A,N,C,C,A,A,D,E,D,A,0,,,,Y,Y,Y,A,01,0,3,0,0,0,0,0,0,0,"- ","- ",36.326290130615234,-119.1461181640625,TULARE,UNINCORPORATED,-119.1461181640625,36.326320648193359
90973334,2019,2019-04-23,9480,2019-04-15,0800,016046,,1,1,5,5407,0,1,3,,1,064,"SR-198 (EASTBOUND) TO SR-63 (EXIT 107A)","WATSON STREET",1056.00,W,N,A,-,Y,,,198,,,,R,,,N,4,0,1,2,A,-,03,22350,,N,C,C,A,A,H,-,A,A,0,,,,,Y,,A,01,0,0,1,0,0,0,0,0,0,"- ","- ",36.326698303222656,-119.29989624023438,TULARE,VISALIA,-119.29989624023438,36.326698303222656
90974281,2019,2019-06-10,9480,2019-04-23,0920,016046,,2,1,5,5407,0,1,3,,1,064,"STATE ROUTE 198 (WESTBOUND)","COURT STREET",75.00,E,N,A,-,Y,,,198,,,,,,,Y,4,0,4,2,A,-,07,21658,A,N,B,C,A,A,H,-,A,D,0,,,,,Y,,D,22,0,0,4,0,0,0,0,0,0,"- ","- ",36.326969146728516,-119.29190063476562,TULARE,VISALIA,-119.29190063476562,36.326904296875
90976708,2019,2019-04-26,9480,2019-04-25,2210,020890,,4,3,9,5400,0,1,3,,1,064,"STATE ROUTE 198 (WESTBOUND)","STATE ROUTE 99",1584.00,E,N,A,-,Y,,,198,,,,,,,Y,3,0,1,1,A,-,01,23152,A,N,F,A,A,A,H,-,D,D,0,,,,,Y,Y,A,07,0,1,0,0,0,0,0,0,0,"- ","- ",36.327350616455078,-119.40254211425781,TULARE,UNINCORPORATED,-119.40251922607422,36.327442169189453
90979736,2019,2019-05-01,9480,2019-04-26,1551,019048,,5,2,9,5400,0,1,3,,1,064,"SR-198 E/B",SR-65,500.00,W,N,A,-,Y,,,198,,,,,,E,Y,4,0,1,1,A,-,08,22107,,N,E,I,A,A,H,-,A,D,0,,,,,Y,,A,01,0,0,1,0,0,0,0,0,0,"- ","- ",36.326408386230469,-119.13883209228516,TULARE,UNINCORPORATED,-119.13883209228516,36.32611083984375
90982961,2019,2019-05-06,9480,2019-04-30,1413,019048,,2,2,5,5407,0,1,3,,1,064,"SR-198 E/B TO DEMAREE ST.","DEMAREE ST",528.00,W,N,A,-,Y,,,198,,,,R,,E,Y,4,0,1,2,A,-,03,22350,,N,C,C,A,A,H,-,A,A,0,,,,,Y,,E,22,0,0,1,0,0,0,0,0,0,"- ","- ",36.326980590820312,-119.33400726318359,TULARE,VISALIA,-119.33400726318359,36.326980590820312
90984372,2019,2019-05-08,9480,2019-04-29,1510,016240,,1,2,5,5407,0,1,3,,1,064,"SR-198 E/B TO SR-63 N/B (EXIT 107A)","CONYER STREET",389.00,E,N,A,-,Y,,,198,,,,R,,E,Y,4,0,2,4,A,-,03,22350,,N,C,C,A,A,H,-,A,A,0,,,,,Y,,A,08,0,0,2,0,0,0,0,0,0,"- ","- ",36.326648712158203,-119.29911041259766,TULARE,VISALIA,-119.29911041259766,36.326648712158203
90985284,2019,2019-05-09,9480,2019-05-05,1045,016233,,7,1,9,5400,0,1,3,,1,064,"SR-198 W/B",SR-65,3168.00,W,N,A,-,Y,,,198,,,,,,W,N,4,0,1,1,D,-,00,,,N,F,A,A,A,D,-,A,D,0,,Y,,,Y,,-,"- ",0,0,1,0,0,0,1,0,0,"- ","- ",36.326400756835938,-119.14752197265625,TULARE,UNINCORPORATED,-119.14752197265625,36.326328277587891
90989776,2019,2019-05-16,9480,2019-04-20,0538,016723,,6,3,9,5400,0,1,3,,1,040,"STATE ROUTE 216 (ROAD 160)","AVENUE 328",26.00,S,N,A,-,Y,,,216,,,,,,,Y,2,0,2,1,A,-,01,23152,G,N,E,I,A,A,H,-,D,A,0,,,,,Y,Y,D,22,1,1,0,0,0,0,0,0,0,"- ","- ",36.385478973388672,-119.21568298339844,TULARE,UNINCORPORATED,-119.21569061279297,36.385032653808594
90992316,2019,2019-05-20,9480,2019-05-06,1555,019186,,1,2,9,5400,0,1,3,,1,044,SR-198,"DINELY DR.",50.00,W,N,A,-,Y,,,198,,,,,,,Y,3,0,1,1,A,-,08,22107,,N,E,I,A,A,H,-,A,D,0,,,Y,,Y,,C,02,0,1,0,0,0,0,0,0,1,"- ","- ",36.457859039306641,-118.87774658203125,TULARE,UNINCORPORATED,-118.87775421142578,36.457778930664062
90994183,2019,2019-05-22,9480,2019-05-17,0800,015282,,5,1,9,5400,0,1,3,,1,044,"STATE ROUTE 198 EASTBOUND","PIERCE DRIVE",193.00,E,N,B,-,Y,,,198,,,,,,E,Y,4,0,2,1,A,-,08,22107,,N,F,I,A,A,H,-,A,D,0,,,,,Y,,A,01,0,0,2,0,0,0,0,0,0,"- ","- ",36.412498474121094,-118.92769622802734,TULARE,UNINCORPORATED,-118.92768859863281,36.4124755859375
90997084,2019,2019-05-28,9480,2019-05-12,1915,019186,,7,2,9,5400,0,1,3,,1,064,"SR-198 E/B","ROAD 180",2800.00,W,N,A,-,Y,,,198,,,,,,E,Y,4,0,2,2,A,-,01,23152,A,N,C,C,A,A,H,-,A,D,0,,,,,Y,Y,A,01,0,0,2,0,0,0,0,0,0,"- ","- ",36.32672119140625,-119.18179321289062,TULARE,UNINCORPORATED,-119.18179321289062,36.326663970947266
91007636,2019,2019-06-11,9480,2019-06-09,0654,017452,,7,1,9,5400,0,1,3,,1,034,"SR-198 W/B","ROAD 68",875.00,W,N,A,-,Y,,,198,,,,,,W,Y,2,0,1,2,A,-,03,22350,,N,C,C,A,A,H,-,A,D,0,,,,,Y,,D,22,1,0,0,0,0,0,0,0,0,"- ","- ",36.327518463134766,-119.42443084716797,TULARE,UNINCORPORATED,-119.42443084716797,36.327106475830078
91008044,2019,2019-06-11,9480,2019-05-30,1927,018861,,4,2,9,5400,0,1,3,,1,040,"STATE ROUTE 216 (HOUSTON AVENUE)","ROAD 158",758.00,W,N,A,-,Y,,,216,,,,,,,Y,2,0,1,1,A,-,03,22350,,N,E,I,A,A,H,-,A,D,0,,,,,Y,,A,07,1,0,0,0,0,0,0,0,0,"- ","- ",36.349208831787109,-119.22308349609375,TULARE,UNINCORPORATED,-119.22308349609375,36.349216461181641
91017160,2019,2019-06-25,9480,2019-06-19,1800,018204,,3,2,5,5407,0,1,3,,1,034,"SR 198 E/B","LOVERS LN",2112.00,W,N,B,-,Y,,,198,,,,,,E,Y,4,0,1,2,A,-,03,22350,,N,C,C,A,A,H,-,A,D,0,,,,,Y,,A,01,0,0,1,0,0,0,0,0,0,"- ","- ",36.326648712158203,-119.26773071289062,TULARE,VISALIA,-119.26776885986328,36.326984405517578
91023487,2019,2019-07-03,9480,2019-06-30,1122,016046,,7,1,9,5400,0,1,3,,1,044,"STATE ROUTE 198","HORSE CREEK ROAD",0.00,,Y,A,-,Y,,,198,,,,,,,N,4,0,1,2,A,-,08,22107,,N,D,C,A,A,H,-,A,D,0,,,,,Y,,A,01,0,0,1,0,0,0,0,0,0,"- ","- ",36.388130187988281,-118.94664764404297,TULARE,UNINCORPORATED,-118.94682312011719,36.38824462890625
91024965,2019,2019-07-05,9480,2019-06-23,0445,016995,,7,3,5,5407,0,1,3,,1,064,"STATE ROUTE 198 (EB)","BEN MADDOX WAY",425.00,W,N,A,-,Y,,,198,,,,,,,Y,3,0,1,1,A,-,01,23152,A,N,F,A,A,A,H,-,B,A,0,,,,,Y,Y,A,01,0,1,0,0,0,0,0,0,0,"- ","- ",36.327018737792969,-119.28038024902344,TULARE,VISALIA,-119.2803955078125,36.326858520507812
91025940,2019,2019-07-08,9480,2019-06-18,2214,018521,,2,3,9,5400,0,1,3,,1,034,"SR-198 E/B","ROAD 68",1056.00,W,N,A,-,Y,,,198,,,,,,E,Y,2,0,2,2,A,-,03,22350,,N,C,C,A,A,H,-,D,D,0,,,,Y,Y,,A,01,1,0,1,0,0,0,0,0,0,"- ","- ",36.327190399169922,-119.42459869384766,TULARE,UNINCORPORATED,-119.42459869384766,36.327106475830078
91026850,2019,2019-07-09,9480,2019-07-04,2130,016145,,4,2,5,5407,0,1,3,,1,064,"SR-198 E/B","BEN MADDOX WAY",1584.00,W,N,A,-,Y,,,198,,,,,,E,Y,4,0,1,1,C,-,18,,,N,H,H,A,A,H,-,C,D,0,,,Y,,Y,,-,"- ",0,0,1,0,0,0,0,0,1,"- ","- ",36.326889038085938,-119.2838134765625,TULARE,VISALIA,-119.2838134765625,36.326915740966797
91031826,2019,2019-07-16,9480,2019-07-13,1225,017108,,6,1,5,5407,0,1,3,,1,064,"STATE ROUTE 198 EASTBOUND","SANTA FE",528.00,E,N,A,-,Y,,,198,,,,,,E,Y,4,0,1,1,A,-,08,22107,,N,E,I,A,A,H,-,A,D,0,,,,,Y,,A,01,0,0,1,0,0,0,0,0,0,"- ","- ",36.326789855957031,-119.28571319580078,TULARE,VISALIA,-119.28571319580078,36.326911926269531
91035343,2019,2019-07-22,9480,2019-07-11,1832,019932,,4,2,9,5400,0,1,3,,1,034,"SR-198 E/B","SR-65 (ROAD 196)",3696.00,W,N,A,-,Y,,,198,,,,,,E,Y,3,0,5,2,A,-,01,23152,A,N,C,C,A,A,H,-,A,D,0,,,,,Y,Y,A,01,0,2,3,0,0,0,0,0,0,"- ","- ",36.326198577880859,-119.14785003662109,TULARE,UNINCORPORATED,-119.14785003662109,36.326175689697266
91035801,2019,2019-07-23,9480,2019-07-10,1922,018861,,3,2,9,5400,0,1,3,,1,044,"STATE ROUTE 198 (SIERRA DRIVE)","HORSE CREEK ROAD",4224.00,W,N,A,-,Y,,,198,,,,,,,Y,3,0,1,1,A,-,01,23152,,N,E,I,A,A,H,-,A,D,0,,,,,Y,Y,A,07,0,1,0,0,0,0,0,0,0,"- ","- ",36.390380859375,-118.95984649658203,TULARE,UNINCORPORATED,-118.95986175537109,36.390350341796875
91037674,2019,2019-07-25,9480,2019-07-24,2248,021249,,3,3,9,5400,0,1,3,,1,044,"SR-198 (SIERRA DRIVE)","CANYON VIEW DR",1584.00,W,N,A,-,Y,,,198,,,,,,,Y,4,0,1,1,A,-,13,22515,B,N,H,I,A,A,H,-,C,D,0,,,,,Y,,D,22,0,0,1,0,0,0,0,0,0,"- ","- ",36.479560852050781,-118.83905792236328,TULARE,UNINCORPORATED,-118.83900451660156,36.479507446289062
91039777,2019,2019-07-26,9480,2019-07-16,1818,018861,,2,2,5,5407,0,1,3,,1,064,"STATE ROUTE 198 (E/B)","SANTA FE STREET",304.00,E,N,A,-,Y,,,198,,,,,,,N,4,0,1,2,A,-,08,22107,,N,B,C,A,A,H,-,A,D,0,,,,,Y,,A,01,0,0,1,0,0,0,0,0,0,"- ","- ",36.326839447021484,-119.28665161132812,TULARE,VISALIA,-119.28665161132812,36.326908111572266
91043787,2019,2019-08-01,9480,2019-07-23,1515,019111,,2,2,9,5400,0,1,3,,1,064,"SR-198 W/B","ROAD 182",0.00,,Y,A,-,Y,,,198,,,,,,W,Y,3,0,2,2,A,-,09,21802,A,N,D,C,A,A,H,-,A,A,0,,,,,Y,,A,01,0,2,0,0,0,0,0,0,0,"- ","- ",36.326568603515625,-119.16638946533203,TULARE,UNINCORPORATED,-119.16638946533203,36.326595306396484
91044082,2019,2019-08-02,9480,2019-07-23,0940,015282,,2,1,5,5407,0,1,3,,1,064,"STATE ROUTE 198 EASTBOUND","SOUTH WOODLAND STREET O/C",920.00,W,N,A,-,Y,,,198,,,,,,E,Y,2,0,1,3,A,-,07,21658,A,N,C,C,A,A,H,-,A,D,0,,,,Y,Y,,A,08,1,0,0,0,0,0,0,0,0,"- ","- ",36.327228546142578,-119.32157897949219,TULARE,VISALIA,-119.32158660888672,36.327407836914062
91044483,2019,2019-08-02,9480,2019-07-23,1620,019111,,2,2,5,5407,0,1,3,,1,064,"SR-198 E/B","WOODLAND ST",550.00,W,N,A,-,Y,,,198,,,,,,E,Y,3,0,2,2,A,-,03,22350,,N,C,C,A,A,H,-,A,D,0,,,,,Y,,A,01,0,2,0,0,0,0,0,0,0,"- ","- ",36.32733154296875,-119.32061767578125,TULARE,VISALIA,-119.32061767578125,36.327426910400391
91044520,2019,2019-12-27,9480,2019-05-30,0715,015282,,4,1,9,5400,0,1,3,,1,040,"STATE ROUTE 216","AVENUE 309",0.00,,Y,A,-,Y,,,216,,,,,,,Y,1,1,0,2,A,-,09,21802,A,N,A,C,A,A,H,-,A,A,0,,,Y,,Y,,D,22,0,0,0,0,0,0,0,1,0,"- ","- ",36.349971771240234,-119.21698760986328,TULARE,UNINCORPORATED,-119.21697998046875,36.349960327148438
91045491,2019,2019-08-05,9480,2019-07-30,2150,018809,,2,2,9,5400,0,1,3,,1,034,"STATE ROUTE-198 E/B","ROAD 64",280.00,E,N,A,-,Y,,,198,,,,,,E,Y,4,0,1,2,A,-,07,21658,A,N,C,C,A,A,H,-,C,D,0,,,,Y,Y,,A,01,0,0,1,0,0,0,0,0,0,"- ","- ",36.3272705078125,-119.4288330078125,TULARE,UNINCORPORATED,-119.4288330078125,36.327144622802734
91049245,2019,2019-08-09,9480,2019-08-04,2031,019932,,7,2,9,5400,0,1,3,,1,044,"SR-198 (AVENUE 296)","ROAD 220",0.00,,Y,A,-,Y,,,198,,,,,,,N,4,0,3,2,A,-,03,22350,,N,C,C,A,A,H,-,D,D,0,,,,,Y,,A,01,0,0,3,0,0,0,0,0,0,"- ","- ",36.325408935546875,-119.08119964599609,TULARE,UNINCORPORATED,-119.08119964599609,36.325389862060547
91051598,2019,2019-08-14,9480,2019-08-05,0830,016046,,1,1,5,5407,0,1,3,,1,064,"STATE ROUTE 198 (WESTBOUND)","GIDDINGS AVE",30.00,E,N,A,-,Y,,,198,,,,,,,N,4,0,1,2,A,-,03,22350,,N,C,C,A,A,H,-,A,D,0,,,,,Y,,A,01,0,0,1,0,0,0,0,0,0,"- ","- ",36.327030181884766,-119.30522918701172,TULARE,VISALIA,-119.30522918701172,36.326950073242188
91053417,2019,2019-08-16,9480,2019-08-11,0820,016046,,7,1,9,5400,0,1,3,,1,044,"STATE ROUTE 198","SKYLINE DR",105.00,E,N,A,-,Y,,,198,,,,,,,N,3,0,4,2,A,-,03,22350,,N,C,C,A,A,C,G,A,D,0,,,,,Y,,A,01,0,1,3,0,0,0,0,0,0,"- ","- ",36.457759857177734,-118.87705230712891,TULARE,UNINCORPORATED,-118.87705230712891,36.457744598388672
91054935,2019,2019-08-19,9480,2019-08-12,1350,016723,,1,1,5,5407,0,1,3,,1,064,"SR-198 E/B TO AKERS STREET","AKERS STREET",0.00,,N,A,-,Y,,,198,,,,R,,E,Y,4,0,2,3,A,-,03,22350,,N,C,C,A,A,H,-,A,A,0,,,,,Y,,A,01,0,0,2,0,0,0,0,0,0,"- ","- ",36.326679229736328,-119.35011291503906,TULARE,VISALIA,-119.35011291503906,36.326679229736328