CASE_ID,ACCIDENT_YEAR,PROC_DATE,JURIS,COLLISION_DATE,COLLISION_TIME,OFFICER_ID,REPORTING_DISTRICT,DAY_OF_WEEK,CHP_SHIFT,POPULATION,CNTY_CITY_LOC,SPECIAL_COND,BEAT_TYPE,CHP_BEAT_TYPE,CITY_DIVISION_LAPD,CHP_BEAT_CLASS,BEAT_NUMBER,PRIMARY_RD,SECONDARY_RD,DISTANCE,DIRECTION,INTERSECTION,WEATHER_1,WEATHER_2,STATE_HWY_IND,CALTRANS_COUNTY,CALTRANS_DISTRICT,STATE_ROUTE,ROUTE_SUFFIX,POSTMILE_PREFIX,POSTMILE,LOCATION_TYPE,RAMP_INTERSECTION,SIDE_OF_HWY,TOW_AWAY,COLLISION_SEVERITY,NUMBER_KILLED,NUMBER_INJURED,PARTY_COUNT,PRIMARY_COLL_FACTOR,PCF_CODE_OF_VIOL,PCF_VIOL_CATEGORY,PCF_VIOLATION,PCF_VIOL_SUBSECTION,HIT_AND_RUN,TYPE_OF_COLLISION,MVIW,PED_ACTION,ROAD_SURFACE,ROAD_COND_1,ROAD_COND_2,LIGHTING,CONTROL_DEVICE,CHP_ROAD_TYPE,PEDESTRIAN_ACCIDENT,BICYCLE_ACCIDENT,MOTORCYCLE_ACCIDENT,TRUCK_ACCIDENT,NOT_PRIVATE_PROPERTY,ALCOHOL_INVOLVED,STWD_VEHTYPE_AT_FAULT,CHP_VEHTYPE_AT_FAULT,COUNT_SEVERE_INJ,COUNT_VISIBLE_INJ,COUNT_COMPLAINT_PAIN,COUNT_PED_KILLED,COUNT_PED_INJURED,COUNT_BICYCLIST_KILLED,COUNT_BICYCLIST_INJURED,COUNT_MC_KILLED,COUNT_MC_INJURED,PRIMARY_RAMP,SECONDARY_RAMP,LATITUDE,LONGITUDE,COUNTY,CITY,POINT_X,POINT_Y
91392674,2021,2021-01-22,9480,2021-01-16,1733,016233,,6,2,5,5407,0,1,3,,1,064,"SR-198 W/B FROM SHIRK RD.","SHIRK RD",1079.00,W,N,A,-,Y,,,198,,,,R,,W,N,3,0,1,2,A,-,08,22107,,N,B,G,A,A,H,-,B,D,0,,Y,,,Y,,L,04,0,1,0,0,0,0,1,0,0,"- ","- ",36.327308654785156,-119.37187194824219,TULARE,VISALIA,-119.37187194824219,36.327308654785156
91393467,2021,2021-01-25,9480,2021-01-22,0550,018202,,5,3,5,5407,0,1,3,,1,064,"SR-198 W/B TO PLAZA DR","PLAZA DR",15.00,E,N,A,-,Y,,,198,,,,R,,W,N,4,0,2,2,A,-,03,22350,,N,C,C,A,A,H,-,C,A,0,,,,,Y,,A,07,0,0,2,0,0,0,0,0,0,"- ","- ",36.328231811523438,-119.38987731933594,TULARE,VISALIA,-119.38987731933594,36.328231811523438
91394915,2021,2021-01-27,9480,2021-01-16,1650,016240,,6,2,9,5400,0,1,3,,1,044,"SR-198 (SIERRA DRIVE)","AVENUE 324",7392.00,W,N,A,-,Y,,,198,,,,,,,Y,2,0,1,3,A,-,06,21751,,N,A,C,A,A,H,-,A,D,0,,,Y,,Y,,C,02,1,0,0,0,0,0,0,0,1,"- ","- ",36.35723876953125,-119.03994750976562,TULARE,UNINCORPORATED,-119.03993988037109,36.357231140136719
9140343,2020,2020-10-01,5408,2020-03-01,1341,576,WOODL,7,5,2,5408,0,0,0,,0,,"RT 216","RD 196",0.00,,Y,A,-,Y,TUL,6,216,-,-,12.010,I,5,E,Y,2,0,4,2,A,-,09,21802,,N,D,C,A,A,H,-,A,D,0,,,,,Y,,-,,1,0,3,0,0,0,0,0,0,"- ","- ",,,TULARE,WOODLAKE,-119.13468933105469,36.413803100585938
91405863,2021,2021-02-10,9480,2021-02-03,1228,013914,,3,1,9,5400,0,1,3,,1,044,"STATE ROUTE 198","HAWK HOLLOW DRIVE",110.00,W,N,B,-,Y,,,198,,,,,,,Y,3,0,4,1,A,-,08,22107,,N,F,A,A,A,H,-,A,D,0,,,,,Y,,A,07,0,4,0,0,0,0,0,0,0,"- ","- ",36.452709197998047,-118.89453125,TULARE,UNINCORPORATED,-118.89486694335938,36.452735900878906
91413821,2021,2021-02-23,9480,2021-02-11,1304,013914,,4,1,9,5400,0,1,3,,1,040,"STATE ROUTE 216","ROAD 158",48.00,E,N,B,-,Y,,,216,,,,,,,Y,3,0,1,2,A,-,08,22107,,N,D,C,A,A,H,-,A,D,0,,,,,Y,,A,01,0,1,0,0,0,0,0,0,0,"- ","- ",36.349040985107422,-119.22028350830078,TULARE,UNINCORPORATED,-119.22027587890625,36.349102020263672
91418770,2021,2021-03-02,9480,2021-02-20,2135,020612,,6,2,9,5400,0,1,3,,1,040,"STATE ROUTE 216","AVENUE 320",0.00,,Y,A,-,Y,,,216,,,,,,,Y,3,0,2,2,A,-,01,23152,A,N,D,C,A,A,H,-,D,A,0,,,,,Y,Y,A,01,0,1,1,0,0,0,0,0,0,"- ","- ",36.370571136474609,-119.21562194824219,TULARE,UNINCORPORATED,-119.21566009521484,36.370571136474609
9141946,2020,2020-10-01,5408,2020-01-15,1753,578,,3,5,2,5408,0,0,0,,0,,"AVENUE 344","ROAD 196",0.00,,Y,A,-,Y,TUL,6,216,-,-,12.010,I,5,E,Y,3,0,5,2,A,-,09,21802,A,N,D,C,A,A,H,-,D,A,0,,,,,Y,,A,01,0,3,2,0,0,0,0,0,0,"- ","- ",,,TULARE,WOODLAKE,-119.13468933105469,36.413803100585938
9141991,2019,2020-09-25,5408,2019-12-09,1715,579,,1,5,2,5408,0,0,0,,0,,"AVENUE 344","ROAD 196",0.00,,Y,A,-,Y,TUL,6,216,-,-,12.010,I,-,E,Y,3,0,2,2,A,-,08,22107,,N,A,C,A,A,H,-,D,D,0,,,,,Y,,-,,0,1,1,0,0,0,0,0,0,"- ","- ",,,TULARE,WOODLAKE,-119.13468933105469,36.413803100585938
91431050,2021,2021-03-19,9480,2021-03-17,1423,019846,,3,2,5,5407,0,1,3,,1,064,"SR-198 E/B TO SR-63 (OFF RAMP)","WILLIS ST",198.00,W,N,A,-,Y,,,198,,,,R,,E,N,4,0,2,3,A,-,03,22350,,N,C,C,A,A,H,-,A,A,0,,,,,Y,,D,22,0,0,2,0,0,0,0,0,0,"- ","- ",36.326610565185547,-119.29843902587891,TULARE,VISALIA,-119.29843902587891,36.326610565185547
91433963,2021,2021-03-24,9480,2021-03-14,2227,020612,,7,3,5,5407,0,1,3,,1,064,"STATE ROUTE 198 EASTBOUND","LOVERS LANE",700.00,E,N,B,-,Y,,,198,,,,,,E,Y,3,0,2,1,A,-,01,23152,A,N,E,I,A,A,H,-,D,D,0,,,,,Y,Y,A,01,0,1,1,0,0,0,0,0,0,"- ","- ",36.327388763427734,-119.25821685791016,TULARE,VISALIA,-119.25821685791016,36.327384948730469
91440288,2021,2021-03-31,9480,2021-03-27,1055,018202,,6,1,9,5400,0,1,3,,1,064,"SR-198 W/B",SR-65,528.00,E,N,A,-,Y,,,198,,,,,,W,Y,4,0,1,3,A,-,03,22350,,N,C,C,A,A,H,-,A,D,0,,,,,Y,,A,01,0,0,1,0,0,0,0,0,0,"- ","- ",36.326309204101562,-119.13265991210938,TULARE,UNINCORPORATED,-119.13265991210938,36.326316833496094
91445152,2021,2021-04-07,9480,2021-03-26,2120,018861,,5,2,5,5407,0,1,3,,1,064,"STATE ROUTE 198 (WESTBOUND)","STATE ROUTE 99 (NORTHBOUND)",2707.00,E,N,A,-,Y,,,198,,,,,,,Y,3,0,1,2,A,-,07,21658,A,N,B,C,A,A,H,-,C,D,0,,,Y,Y,Y,,C,02,0,1,0,0,0,0,0,0,1,"- ","- ",36.327388763427734,-119.39824676513672,TULARE,VISALIA,-119.39824676513672,36.327251434326172
91451912,2021,2021-04-16,9480,2021-04-14,1529,019048,,3,2,5,5407,0,1,3,,1,064,"SR-198 E/B","LOVERS LANE",2640.00,E,N,A,-,Y,,,198,,,,,,E,N,4,0,1,2,A,-,08,22107,,N,B,C,A,A,H,-,A,D,0,,,,,Y,,A,01,0,0,1,0,0,0,0,0,0,"- ","- ",36.327079772949219,-119.24514770507812,TULARE,VISALIA,-119.24514770507812,36.326988220214844
91454335,2021,2021-04-20,9480,2021-04-10,2350,021249,,6,3,5,5407,0,1,3,,1,064,"SR-198 WB","DEMAREE ST",1150.00,E,N,A,-,Y,,,198,,,,,,W,Y,2,0,2,2,A,-,01,23152,A,N,B,C,A,A,H,-,D,D,0,,,,,Y,Y,A,01,1,0,1,0,0,0,0,0,0,"- ","- ",36.327201843261719,-119.32759094238281,TULARE,VISALIA,-119.32759094238281,36.327114105224609
91455243,2021,2021-04-21,9480,2021-04-16,0230,016145,,5,3,9,5400,0,1,3,,1,064,"SR-198 W/B","SR-99 N/B",900.00,E,N,A,-,Y,,,198,,,,,,W,Y,3,0,1,1,A,-,08,22107,,N,F,A,A,A,H,-,D,D,0,,,,,Y,,A,01,0,1,0,0,0,0,0,0,0,"- ","- ",36.327930450439453,-119.40412902832031,TULARE,UNINCORPORATED,-119.40412902832031,36.327922821044922
91456443,2021,2021-04-22,9480,2021-04-14,0810,013914,,3,1,5,5407,0,1,3,,1,064,"STATE ROUTE 198 (WESTBOUND)","BRIDGE STREET",50.00,W,N,A,-,Y,,,198,,,,,,,Y,2,0,1,3,A,-,03,22350,,N,C,C,A,A,H,-,A,D,0,,,,,Y,,A,01,1,0,0,0,0,0,0,0,0,"- ","- ",36.326980590820312,-119.28919982910156,TULARE,VISALIA,-119.28919982910156,36.326908111572266
91459333,2021,2021-04-27,9480,2021-04-18,2200,019828,,7,3,5,5407,0,1,3,,1,064,"SR-198 W/B","MOONEY BLVD.",1056.00,E,N,A,-,Y,,,198,,,,,,W,Y,3,0,1,1,A,-,01,23152,A,N,E,I,A,A,H,-,D,D,0,,,,,Y,Y,A,01,0,1,0,0,0,0,0,0,0,"- ","- ",36.327079772949219,-119.30986785888672,TULARE,VISALIA,-119.30986785888672,36.326980590820312
91466915,2021,2021-05-06,9480,2021-04-28,2102,019048,,3,2,9,5400,0,1,3,,1,064,"SR-198 W/B","FARMERSVILLE BLVD",1056.00,E,N,A,-,Y,,,198,,,,,,W,N,2,0,2,1,A,-,08,22107,,N,E,I,A,A,H,-,D,D,0,,,Y,,Y,,C,02,1,0,1,0,0,0,0,0,2,"- ","- ",36.326591491699219,-119.19985198974609,TULARE,UNINCORPORATED,-119.19985198974609,36.326900482177734
91469024,2021,2021-05-10,9480,2021-05-03,1701,020060,,1,2,5,5407,0,1,3,,1,034,"STATE ROUTE 198 E/B","WATSON STREET",20.00,W,N,A,-,Y,,,198,,,,,,E,Y,4,0,1,1,A,-,03,22350,,N,E,I,A,A,H,-,A,D,0,,,,,Y,,A,07,0,0,1,0,0,0,0,0,0,"- ","- ",36.326751708984375,-119.29640197753906,TULARE,VISALIA,-119.29640197753906,36.326900482177734
91469851,2021,2021-05-11,9480,2021-05-04,1600,019048,,2,2,5,5407,0,1,3,,1,064,"SR-198 E/B","PLAZA DR.",1056.00,E,N,A,-,Y,,,198,,,,,,E,Y,4,0,1,3,A,-,03,22350,,N,C,C,A,A,H,-,A,D,0,,,,,Y,,A,01,0,0,1,0,0,0,0,0,0,"- ","- ",36.3271484375,-119.38346862792969,TULARE,VISALIA,-119.38346862792969,36.327133178710938
91472429,2021,2021-05-27,9480,2021-05-06,0755,016723,,4,1,5,5407,0,1,3,,1,064,"STATE ROUTE 198 (EASTBOUND)","CONYER STREET OVERPASS",15.00,E,N,A,-,Y,,,198,,,,,,,Y,3,0,2,2,A,-,03,22350,,N,C,C,A,A,H,-,A,D,0,,,,,Y,,D,22,0,2,0,0,0,0,0,0,0,"- ","- ",36.326778411865234,-119.30097961425781,TULARE,VISALIA,-119.30097961425781,36.326927185058594
91472814,2021,2021-05-13,9480,2021-05-03,1745,019349,,1,2,5,5407,0,1,3,,1,064,"STATE ROUTE 198 E/B","LOCUST CT",287.00,W,N,A,-,Y,,,198,,,,,,E,Y,2,0,1,3,A,-,03,22350,,N,C,C,A,A,H,-,A,D,0,,,,,Y,,D,22,1,0,0,0,0,0,0,0,0,"- ","- ",36.326770782470703,-119.29537200927734,TULARE,VISALIA,-119.29537200927734,36.326900482177734
91475443,2021,2021-05-18,9480,2021-05-06,1652,019048,,4,2,9,5400,0,1,3,,1,044,SR-198,"HORSE CREEK",9504.00,W,N,A,-,Y,,,198,,,,,,,Y,2,0,1,1,A,-,08,22107,,N,F,A,A,A,H,-,A,D,0,,,Y,,Y,,C,02,1,0,0,0,0,0,0,0,1,"- ","- ",36.398899078369141,-118.97389221191406,TULARE,UNINCORPORATED,-118.97388458251953,36.398853302001953
91475478,2021,2021-05-18,9480,2021-05-05,1618,019048,,3,2,9,5400,0,1,3,,1,044,SR-198,"ROAD 217",30.00,W,N,A,-,Y,,,198,,,,,,,Y,4,0,1,1,A,-,01,23152,A,N,E,I,A,A,H,-,A,D,0,,,,,Y,Y,A,08,0,0,1,0,0,0,0,0,0,"- ","- ",36.325569152832031,-119.08788299560547,TULARE,UNINCORPORATED,-119.08788299560547,36.325485229492188
91475610,2021,2021-05-27,9480,2021-05-09,2303,018421,,7,3,5,5407,0,1,3,,1,064,"SR-198 W/B","PLAZA DR",425.00,E,N,A,-,Y,,,198,,,,,,W,Y,2,0,1,1,A,-,01,23152,A,N,F,A,A,A,H,-,D,D,0,,,,,Y,Y,A,01,1,0,0,0,0,0,0,0,0,"- ","- ",36.327339172363281,-119.38835906982422,TULARE,VISALIA,-119.38836669921875,36.327217102050781
91489680,2021,2021-06-04,9480,2021-05-28,2315,020273,,5,3,9,5400,0,1,S,,2,106,"SR-198 W/B","ROAD 156",0.00,,N,A,-,Y,,,198,,,,,,W,Y,3,0,1,2,A,-,03,22350,,N,C,2,A,A,H,-,D,D,0,,,,,Y,,A,01,0,1,0,0,0,0,0,0,0,"- ","- ",36.326930999755859,-119.21816253662109,TULARE,UNINCORPORATED,-119.21816253662109,36.326908111572266
91490686,2021,2021-06-07,9480,2021-05-22,1410,016995,,6,2,9,5400,0,1,3,,1,044,"STATE ROUTE 198","ROAD 210",265.00,W,N,A,-,Y,,,198,,,,,,,N,2,0,3,2,A,-,08,22107,,N,D,2,A,A,H,-,A,D,0,,,Y,,Y,,C,02,1,1,1,0,0,0,0,0,3,"- ","- ",36.325698852539062,-119.10446929931641,TULARE,UNINCORPORATED,-119.10446929931641,36.32568359375
91492752,2021,2021-06-09,9480,2021-05-27,1705,017291,,4,2,9,5400,0,1,3,,1,034,"STATE ROUTE 198 (EASTBOUND)","ROAD 48",0.00,,N,A,-,Y,,,198,,,,,,,Y,4,0,1,2,A,-,21,22106,,N,C,C,A,A,H,-,A,A,0,,,,,Y,,D,22,0,0,1,0,0,0,0,0,0,"- ","- ",36.327491760253906,-119.46327972412109,TULARE,UNINCORPORATED,-119.46327972412109,36.327484130859375
91492851,2021,2021-06-09,9480,2021-05-15,1050,016723,,6,1,5,5407,0,1,3,,1,064,"STATE ROUTE 198 (WESTBOUND)","WATSON STREET",500.00,E,N,A,-,Y,,,198,,,,,,,Y,4,0,1,3,A,-,08,22107,,N,B,C,A,A,H,-,A,D,0,,,,,Y,,A,01,0,0,1,0,0,0,0,0,0,"- ","- ",36.326999664306641,-119.29496002197266,TULARE,VISALIA,-119.29496002197266,36.326900482177734
91492882,2021,2021-06-09,9480,2021-06-01,1055,016046,,2,1,9,5400,0,1,3,,1,040,"STATE ROUTE 216","BEECHWOOD AVENUE",25.00,N,N,A,-,Y,,,216,,,,,,,N,4,0,1,2,A,-,09,21802,A,N,D,C,A,A,H,-,A,A,0,,,,,Y,,A,01,0,0,1,0,0,0,0,0,0,"- ","- ",36.378761291503906,-119.21562194824219,TULARE,UNINCORPORATED,-119.21564483642578,36.378761291503906
91497319,2021,2021-06-15,9480,2021-06-07,1120,018202,,1,1,5,5407,0,1,3,,1,064,"SR-198 E/B","SHIRK RD.",1584.00,W,N,A,B,Y,,,198,,,,,,E,Y,3,0,2,1,A,-,08,22107,,N,E,I,A,A,H,-,A,D,0,,,,,Y,Y,A,07,0,2,0,0,0,0,0,0,0,"- ","- ",36.327178955078125,-119.37210083007812,TULARE,VISALIA,-119.37210083007812,36.327178955078125
9149892,2020,2020-11-25,5407,2020-07-30,1941,M287,480,4,5,5,5407,0,0,0,,0,026,"RT 100","LOVERS LN",242.00,E,N,A,-,Y,TUL,6,198,-,R,11.731,R,2,W,N,4,0,1,2,A,-,08,22107,,N,D,C,A,A,H,-,A,D,0,,,,,Y,,-,,0,0,1,0,0,0,0,0,0,"- ","- ",36.326641082763672,-119.26077270507812,TULARE,VISALIA,-119.2607421875,36.327678680419922
91499533,2021,2021-06-17,9480,2021-06-16,1630,016615,,3,2,9,5400,0,1,3,,1,044,"SR-198 WB","AVE 324",988.00,E,N,A,-,Y,,,198,,,,,,W,Y,3,0,1,2,A,-,05,21460,A,N,A,C,A,A,H,-,A,D,0,,,,,Y,,A,01,0,1,0,0,0,0,0,0,0,"- ","- ",36.378280639648438,-119.0263671875,TULARE,UNINCORPORATED,-119.02638244628906,36.378280639648438
91500699,2021,2021-06-18,9480,2021-06-03,1730,018809,,4,2,9,5400,0,1,3,,1,044,"STATE ROUTE-198 W/B","ROAD 210",30.00,E,N,A,-,Y,,,198,,,,,,W,Y,2,0,4,2,A,-,03,22350,,N,C,C,A,A,H,-,A,D,0,,,,,Y,,A,08,1,2,1,0,0,0,0,0,0,"- ","- ",36.325698852539062,-119.10340881347656,TULARE,UNINCORPORATED,-119.10340881347656,36.325668334960938
91502782,2021,2021-06-22,9480,2021-06-13,1258,019647,,7,1,9,5400,0,1,3,,1,064,"SR-198 E/B","ROAD 180",0.00,,Y,A,-,Y,,,198,,,,,,E,Y,3,0,5,2,A,-,05,21651,A,N,A,C,A,A,H,-,A,A,0,,,,,Y,,A,01,0,5,0,0,0,0,0,0,0,"- ","- ",36.326461791992188,-119.17066955566406,TULARE,UNINCORPORATED,-119.17066955566406,36.326450347900391
91509678,2021,2021-06-30,9480,2021-06-18,1325,016723,,5,1,5,5407,0,1,3,,1,064,"STATE ROUTE 198 E/B TO CENTRAL VISALIA","CONYER STREET",160.00,E,N,A,-,Y,,,198,,,,R,,E,Y,4,0,2,2,A,-,03,22350,,N,C,C,A,A,H,-,A,A,0,,,,,Y,,D,22,0,0,2,0,0,0,0,0,0,"- ","- ",36.326751708984375,-119.30049896240234,TULARE,VISALIA,-119.30049896240234,36.326751708984375
91516128,2021,2021-07-08,9480,2021-06-25,1432,016615,,5,2,5,5407,0,1,3,,1,064,SR-198,"LOVERS LN",200.00,E,N,A,-,Y,,,198,,,,,,,Y,4,0,1,1,A,-,08,22107,,N,E,I,A,A,H,-,A,D,0,,,,,Y,,A,01,0,0,1,0,0,0,0,0,0,"- ","- ",36.327461242675781,-119.25997161865234,TULARE,VISALIA,-119.25996398925781,36.327548980712891
91519919,2021,2021-07-14,9480,2021-07-06,1745,016615,,2,2,9,5400,0,3,5,,2,004,SR-216,"ROAD 228",2640.00,E,N,A,-,Y,,,216,,,,,,,Y,4,0,1,1,A,-,03,22350,,M,E,I,A,A,H,-,A,D,0,,,,,Y,,A,01,0,0,1,0,0,0,0,0,0,"- ","- ",36.404888153076172,-119.05397033691406,TULARE,UNINCORPORATED,-119.05396270751953,36.404914855957031
91519935,2021,2021-07-14,9480,2021-07-07,1220,018202,,3,1,9,5400,0,1,3,,1,044,SR-198,"MEHRTEN DR.",80.00,E,N,A,-,Y,,,198,,,,,,,Y,4,0,1,2,A,-,01,23152,A,N,D,D,A,A,H,-,A,D,0,,,,,Y,Y,A,01,0,0,1,0,0,0,0,0,0,"- ","- ",36.345859527587891,-119.05690002441406,TULARE,UNINCORPORATED,-119.05690002441406,36.345855712890625
91522019,2021,2021-07-16,9480,2021-07-11,1405,020060,,7,2,9,5400,0,1,3,,1,064,"STATE ROUTE 198 W/B","STATE ROUTE 99 N/B",130.00,E,N,A,-,Y,,,198,,,,,,W,Y,4,0,2,1,A,-,08,22107,,N,E,I,A,A,H,-,A,D,0,,,,,Y,,D,22,0,0,2,0,0,0,0,0,0,"- ","- ",36.3291015625,-119.40849304199219,TULARE,UNINCORPORATED,-119.40849304199219,36.329021453857422
91530486,2021,2021-07-28,9480,2021-07-16,1715,016995,,5,2,9,5400,0,1,3,,1,044,"STATE ROUTE 198","HORSE CREEK",0.00,,Y,A,-,Y,,,198,,,,,,,Y,3,0,1,1,A,-,01,23152,A,N,E,I,A,A,H,-,A,D,0,,,,,Y,Y,A,01,0,1,0,0,0,0,0,0,0,"- ","- ",36.388278961181641,-118.94661712646484,TULARE,UNINCORPORATED,-118.94674682617188,36.388355255126953
91531639,2021,2021-07-30,9480,2021-07-23,1345,019048,,5,1,5,5407,0,1,3,,1,064,"SR-198 W/B","MOONEY BLVD",100.00,W,N,A,-,Y,,,198,,,,,,W,N,4,0,1,2,A,-,07,21658,A,N,B,C,A,A,H,-,A,D,0,,,,,Y,,A,01,0,0,1,0,0,0,0,0,0,"- ","- ",36.326999664306641,-119.30516815185547,TULARE,VISALIA,-119.30516815185547,36.326950073242188
91536196,2021,2021-08-03,9480,2021-07-19,1715,016995,,1,2,9,5400,0,1,3,,1,044,"STATE ROUTE 198","SUMMIT DR",250.00,E,N,A,-,Y,,,198,,,,,,,Y,3,0,1,1,A,-,08,22107,,N,F,A,A,A,H,-,A,D,0,,,Y,,Y,,C,02,0,1,0,0,0,0,0,0,1,"- ","- ",36.385959625244141,-119.02472686767578,TULARE,UNINCORPORATED,-119.02473449707031,36.385967254638672
91542285,2021,2021-08-11,9480,2021-08-01,0125,020612,,7,3,5,5407,0,1,3,,1,064,"STATE ROUTE 198 EASTBOUND","STATE ROUTE 63 (MOONEY BLVD)",600.00,W,N,A,-,Y,,,198,,,,,,E,Y,3,0,1,1,A,-,01,23152,A,N,E,I,A,A,H,-,D,D,0,,,,,Y,Y,A,01,0,1,0,0,0,0,0,0,0,"- ","- ",36.326938629150391,-119.31626892089844,TULARE,VISALIA,-119.31625366210938,36.327095031738281
91542391,2021,2021-08-11,9480,2021-08-05,1530,017291,,4,2,9,5400,0,1,3,,1,064,"STATE ROUTE 198","PLAZA DRIVE",150.00,E,N,A,-,Y,,,198,,,,,,,N,4,0,1,2,A,-,03,22350,,N,C,C,A,A,H,-,A,A,0,,,,,Y,,A,01,0,0,1,0,0,0,0,0,0,"- ","- ",36.326999664306641,-119.38504791259766,TULARE,UNINCORPORATED,-119.38504791259766,36.3271484375
91543400,2021,2021-08-12,9480,2021-07-31,1122,016723,,6,1,9,5400,0,1,3,,1,044,"STATE ROUTE 198","LEMON HILL BOAT RAMP",0.00,,Y,A,-,Y,,,198,,,,,,,N,2,0,1,2,A,-,09,21802,A,N,D,C,A,A,H,-,A,A,0,,,Y,,Y,,A,08,1,0,0,0,0,0,0,0,1,"- ","- ",36.404541015625,-118.99790191650391,TULARE,UNINCORPORATED,-118.99789428710938,36.404525756835938
91544740,2021,2021-08-17,9480,2021-08-06,1705,016995,,5,2,9,5400,0,1,3,,1,040,"STATE ROUTE 216","ROAD 188",0.00,,Y,A,-,Y,,,216,,,,,,,Y,4,0,2,2,A,-,03,22350,,N,C,2,A,A,H,-,A,D,0,,,,,Y,,D,22,0,0,2,0,0,0,0,0,0,"- ","- ",36.407310485839844,-119.15204620361328,TULARE,UNINCORPORATED,-119.15223693847656,36.407691955566406
91546667,2021,2021-08-17,9480,2021-08-08,0510,019828,,7,3,9,5400,0,1,3,,1,064,"SR-198 W/B",SR-99,1584.00,E,N,A,-,Y,,,198,,,,,,W,Y,4,0,1,1,A,-,08,22107,,N,F,A,A,A,H,-,D,D,0,,,,,Y,Y,D,22,0,0,1,0,0,0,0,0,0,"- ","- ",36.327999114990234,-119.40418243408203,TULARE,UNINCORPORATED,-119.40419769287109,36.32794189453125
91548406,2021,2021-08-18,9480,2021-08-17,0755,016046,,2,1,5,5407,0,1,3,,1,064,"STATE ROUTE 198 (WESTBOUND)","SANTA FE STREET",25.00,E,N,A,-,Y,,,198,,,,,,,N,4,0,1,2,A,-,03,22350,,N,C,C,A,A,H,-,A,D,0,,,,,Y,,A,01,0,0,1,0,0,0,0,0,0,"- ","- ",36.326980590820312,-119.28762817382812,TULARE,VISALIA,-119.28762817382812,36.326908111572266
91551372,2021,2021-08-23,9480,2021-07-17,1225,018202,,6,1,9,5400,0,1,3,,1,044,"SR-198 (W/B)",SR-216,170.00,W,N,A,-,Y,,,198,,,,,,,Y,4,0,1,5,A,-,09,21801,A,N,D,C,A,A,H,-,A,D,0,,,,,Y,,A,01,0,0,1,0,0,0,0,0,0,"- ","- ",36.394779205322266,-119.02210235595703,TULARE,UNINCORPORATED,-119.02205657958984,36.394760131835938
91551417,2021,2021-08-23,9480,2021-08-06,1930,016995,,5,2,9,5400,0,1,3,,1,040,"STATE ROUTE 216","EDMISTON AVENUE",0.00,,Y,A,-,Y,,,216,,,,,,,N,2,0,1,2,A,-,05,21650,,N,A,G,A,A,H,-,A,A,0,,Y,,,Y,,L,04,1,0,0,0,0,0,1,0,0,"- ","- ",36.380939483642578,-119.21563720703125,TULARE,UNINCORPORATED,-119.21562957763672,36.380939483642578
91551654,2021,2021-08-23,9480,2021-08-15,2325,018421,,7,3,9,5400,0,1,3,,1,044,SR-198,"KAWEAH RECREATION AREA",4752.00,E,N,A,-,Y,,,198,,,,,,,Y,3,0,1,1,C,-,18,,,N,H,H,A,A,H,-,D,D,0,,,,,Y,,-,"- ",0,1,0,0,0,0,0,0,0,"- ","- ",36.398418426513672,-118.97516632080078,TULARE,UNINCORPORATED,-118.97517395019531,36.398422241210938
91551863,2021,2021-08-23,9480,2021-08-16,0945,016240,,1,1,9,5400,0,1,3,,1,034,"SR-198 W/B","ROAD 64",0.00,,Y,A,-,Y,,,198,,,,,,W,Y,2,0,2,2,A,-,09,21802,A,N,D,C,A,A,H,-,A,A,0,,,,,Y,,A,08,1,1,0,0,0,0,0,0,0,"- ","- ",36.328048706054688,-119.43041229248047,TULARE,UNINCORPORATED,-119.430419921875,36.327156066894531
91551884,2021,2021-08-23,9480,2021-08-07,1730,016995,,6,2,9,5400,0,3,5,,2,004,"STATE ROUTE 216","ROAD 160",15.00,E,N,A,-,Y,,,216,,,,,,,N,4,0,1,2,A,-,03,22350,,N,C,C,A,A,H,-,A,A,0,,,,,Y,,A,01,0,0,1,0,0,0,0,0,0,"- ","- ",36.385051727294922,-119.21566009521484,TULARE,UNINCORPORATED,-119.21566009521484,36.385032653808594
91560489,2021,2021-09-01,9480,2021-08-25,0955,016046,,3,1,5,5407,0,1,3,,1,064,"STATE ROUTE 198 WESTBOUND","LOVERS LANE",2376.00,W,N,A,-,Y,,,198,,,,,,W,Y,4,0,1,4,A,-,03,22350,,N,C,C,A,A,H,-,A,D,0,,,,,Y,,D,22,0,0,1,0,0,0,0,0,0,"- ","- ",36.326950073242188,-119.26908111572266,TULARE,VISALIA,-119.26906585693359,36.326847076416016
91562567,2021,2021-09-03,9480,2021-08-26,1405,016615,,4,2,9,5400,0,1,3,,1,044,SR-198,"LEMON HILL BOAT RAMP",2320.00,E,N,A,-,Y,,,198,,,,,,,Y,2,0,1,1,A,-,03,22350,,N,E,I,A,A,H,-,A,D,0,,,,,Y,,A,01,1,0,0,0,0,0,0,0,0,"- ","- ",36.406211853027344,-118.99301910400391,TULARE,UNINCORPORATED,-118.99300384521484,36.406074523925781