CASE_ID,ACCIDENT_YEAR,PROC_DATE,JURIS,COLLISION_DATE,COLLISION_TIME,OFFICER_ID,REPORTING_DISTRICT,DAY_OF_WEEK,CHP_SHIFT,POPULATION,CNTY_CITY_LOC,SPECIAL_COND,BEAT_TYPE,CHP_BEAT_TYPE,CITY_DIVISION_LAPD,CHP_BEAT_CLASS,BEAT_NUMBER,PRIMARY_RD,SECONDARY_RD,DISTANCE,DIRECTION,INTERSECTION,WEATHER_1,WEATHER_2,STATE_HWY_IND,CALTRANS_COUNTY,CALTRANS_DISTRICT,STATE_ROUTE,ROUTE_SUFFIX,POSTMILE_PREFIX,POSTMILE,LOCATION_TYPE,RAMP_INTERSECTION,SIDE_OF_HWY,TOW_AWAY,COLLISION_SEVERITY,NUMBER_KILLED,NUMBER_INJURED,PARTY_COUNT,PRIMARY_COLL_FACTOR,PCF_CODE_OF_VIOL,PCF_VIOL_CATEGORY,PCF_VIOLATION,PCF_VIOL_SUBSECTION,HIT_AND_RUN,TYPE_OF_COLLISION,MVIW,PED_ACTION,ROAD_SURFACE,ROAD_COND_1,ROAD_COND_2,LIGHTING,CONTROL_DEVICE,CHP_ROAD_TYPE,PEDESTRIAN_ACCIDENT,BICYCLE_ACCIDENT,MOTORCYCLE_ACCIDENT,TRUCK_ACCIDENT,NOT_PRIVATE_PROPERTY,ALCOHOL_INVOLVED,STWD_VEHTYPE_AT_FAULT,CHP_VEHTYPE_AT_FAULT,COUNT_SEVERE_INJ,COUNT_VISIBLE_INJ,COUNT_COMPLAINT_PAIN,COUNT_PED_KILLED,COUNT_PED_INJURED,COUNT_BICYCLIST_KILLED,COUNT_BICYCLIST_INJURED,COUNT_MC_KILLED,COUNT_MC_INJURED,PRIMARY_RAMP,SECONDARY_RAMP,LATITUDE,LONGITUDE,COUNTY,CITY,POINT_X,POINT_Y
91564702,2021,2022-02-22,9480,2021-08-29,2330,020060,,7,3,9,5400,0,1,3,,1,040,"STATE ROUTE 216","AVENUE 309",205.00,N,N,A,-,Y,,,216,,,,,,,N,4,0,1,1,A,-,03,22350,,F,E,I,A,A,H,-,D,D,0,,,,,Y,,A,08,0,0,1,0,0,0,0,0,0,"- ","- ",36.350601196289062,-119.21620178222656,TULARE,UNINCORPORATED,-119.21637725830078,36.350700378417969
91585733,2021,2021-10-01,9480,2021-09-23,0659,016046,,4,1,5,5407,0,1,3,,1,064,"STATE ROUTE 198 (EASTBOUND)","SHIRK ROAD",220.00,W,N,A,-,Y,,,198,,,,,,,Y,2,0,2,2,A,-,03,22350,,N,C,C,A,A,H,-,A,D,0,,,,,Y,,A,01,1,0,1,0,0,0,0,0,0,"- ","- ",36.327140808105469,-119.36856842041016,TULARE,VISALIA,-119.36856842041016,36.327186584472656
91590509,2021,2021-10-07,9480,2021-10-01,2150,016240,,5,2,9,5400,0,1,3,,1,064,"SR-198 W/B","ROAD 156",2640.00,W,N,A,-,Y,,,198,,,,,,W,Y,4,0,1,2,A,-,03,22350,,N,C,C,A,A,H,-,D,D,0,,,,,Y,,A,01,0,0,1,0,0,0,0,0,0,"- ","- ",36.327098846435547,-119.23439788818359,TULARE,UNINCORPORATED,-119.23439788818359,36.327011108398438
91590899,2021,2021-10-07,9480,2021-09-28,0805,016723,,2,1,9,5400,0,1,3,,1,034,"STATE ROUTE 198","ROAD 56",380.00,W,N,A,-,N,,,198,,,,,,,Y,3,0,1,2,A,-,03,22350,,N,C,C,A,A,H,-,A,D,0,,,,,Y,,A,01,0,1,0,0,0,0,0,0,0,"- ","- ",36.327648162841797,-119.44975280761719,TULARE,UNINCORPORATED,-119.44975280761719,36.327350616455078
91592052,2021,2021-10-08,9480,2021-07-17,1222,016723,,6,1,5,5407,0,1,3,,1,064,"STATE ROUTE 198 EASTBOUND","BEN MADDOX WAY",410.00,W,N,A,-,Y,,,198,,,,,,E,Y,1,1,0,1,A,-,08,22107,,N,E,I,A,A,H,-,A,D,0,,,,,Y,,A,01,0,0,0,0,0,0,0,0,0,"- ","- ",36.326610565185547,-119.28015899658203,TULARE,VISALIA,-119.28014373779297,36.326835632324219
91592796,2021,2021-10-11,9480,2021-09-29,0545,016046,,3,3,9,5400,0,1,3,,1,040,"SR-216 (MILLWOOD DRIVE)","ROAD 184",60.00,E,N,A,-,Y,,,216,,,,,,,Y,4,0,1,2,A,-,03,22350,,N,C,C,A,A,H,-,D,D,0,,,,,Y,,A,08,0,0,1,0,0,0,0,0,0,"- ","- ",36.403228759765625,-119.16148376464844,TULARE,UNINCORPORATED,-119.16147613525391,36.403221130371094
91593220,2021,2021-10-11,9480,2021-10-08,1335,016995,,5,1,5,5407,0,1,3,,1,064,"STATE ROUTE 198 (EB) TO DEMAREE STREET","CHINOWTH ST",440.00,E,N,A,-,Y,,,198,,,,R,,,N,4,0,3,2,A,-,03,22350,,N,C,C,A,A,H,-,A,A,0,,,,,Y,,D,22,0,0,3,0,0,0,0,0,0,"- ","- ",36.327068328857422,-119.33453369140625,TULARE,VISALIA,-119.33453369140625,36.327068328857422
91596130,2021,2021-10-14,9480,2021-10-06,0350,016145,,3,3,5,5407,0,1,3,,1,064,"SR-198 E/B TO BEN MADDOX WAY","BEN MADDOX WAY",693.00,E,N,A,-,Y,,,198,,,,R,,E,Y,3,0,1,1,A,-,01,23152,A,N,E,I,A,A,H,-,C,D,0,,,,,Y,Y,A,01,0,1,0,0,0,0,0,0,0,"- ","- ",36.326019287109375,-119.27587890625,TULARE,VISALIA,-119.27587890625,36.326019287109375
91596196,2021,2021-10-14,9480,2021-10-04,2235,020612,,1,3,9,5400,0,1,3,,1,064,"SR-198 AT SR-245","STATE ROUTE 245",0.00,,Y,A,-,Y,,,198,,,,R,,,Y,3,0,3,2,A,-,09,21453,C,N,D,C,A,A,H,-,C,A,0,,,,,Y,,A,01,0,1,2,0,0,0,0,0,0,"- ","- ",36.325859069824219,-119.11696624755859,TULARE,UNINCORPORATED,-119.11696624755859,36.325859069824219
91597531,2021,2021-10-15,9480,2021-10-07,2343,020060,,4,3,9,5400,0,1,3,,1,064,"STATE ROUTE 198 W/B","STATE ROUTE 99",1230.00,E,N,A,-,Y,,,198,,,,,,W,Y,3,0,2,1,A,-,01,23152,A,N,F,A,A,A,H,-,D,D,0,,,,,Y,Y,A,01,0,2,0,0,0,0,0,0,0,"- ","- ",36.327289581298828,-119.4033203125,TULARE,UNINCORPORATED,-119.40320587158203,36.327625274658203
91599182,2021,2021-10-18,9480,2021-10-15,1525,016995,,5,2,9,5400,0,1,3,,1,034,"STATE ROUTE 198 E/B TO STATE ROUTE 99 N/B","STATE ROUTE 99",300.00,E,N,A,-,Y,,,198,,,,R,,E,Y,3,0,1,1,A,-,03,22350,,N,F,A,A,A,H,-,A,D,0,,,,Y,Y,,G,25,0,1,0,0,0,0,0,0,0,"- ","- ",36.325839996337891,-119.40486907958984,TULARE,UNINCORPORATED,-119.40486907958984,36.325839996337891
91614834,2021,2021-11-04,9480,2021-11-02,0815,016046,,2,1,9,5400,0,1,3,,1,064,"STATE ROUTE 198 (WESTBOUND)","FARMERSVILLE BLVD.",344.00,W,N,A,-,Y,,,198,,,,,,,N,4,0,1,2,A,-,07,21658,A,N,B,C,A,A,H,-,A,D,0,,,,,Y,,A,07,0,0,1,0,0,0,0,0,0,"- ","- ",36.326801300048828,-119.2098388671875,TULARE,UNINCORPORATED,-119.2098388671875,36.326816558837891
91621519,2021,2021-11-10,9480,2021-11-04,2055,016995,,4,2,5,5407,0,1,3,,1,064,"STATE ROUTE 198 (WB)","PLAZA DRIVE",700.00,W,N,A,-,Y,,,198,,,,,,,Y,3,0,1,1,A,-,08,22107,,N,E,I,A,A,H,-,D,D,0,,,,,Y,,A,01,0,1,0,0,0,0,0,0,0,"- ","- ",36.327289581298828,-119.39537048339844,TULARE,VISALIA,-119.39537048339844,36.327259063720703
91630539,2021,2022-02-04,9480,2021-08-26,2232,020890,,4,3,9,5400,0,1,3,,1,034,"STATE ROUTE 198 WESTBOUND","ROAD 60",1056.00,E,N,A,-,Y,,,198,,,,,,W,N,1,1,1,2,A,-,11,21954,A,F,G,B,E,A,H,-,D,D,0,Y,,,,Y,,N,60,0,1,0,1,0,0,0,0,0,"- ","- ",36.327590942382812,-119.43608856201172,TULARE,UNINCORPORATED,-119.43609619140625,36.327213287353516
91630709,2021,2021-11-19,9480,2021-11-13,0530,018202,,6,3,9,5400,0,1,3,,1,040,SR-216,"RD. 158",580.00,E,N,E,-,Y,,,216,,,,,,,Y,3,0,1,1,A,-,01,23152,A,N,E,I,A,A,H,-,B,D,0,,,,,Y,Y,A,01,0,1,0,0,0,0,0,0,0,"- ","- ",36.349361419677734,-119.21753692626953,TULARE,UNINCORPORATED,-119.21762084960938,36.349525451660156
91630779,2021,2021-11-19,9480,2021-10-16,2128,019828,,6,2,9,5400,0,3,5,,2,004,SR-216,"RD. 160",528.00,E,N,A,-,Y,,,216,,,,,,,Y,3,0,3,2,A,-,01,23152,A,F,C,2,A,A,H,-,D,D,0,,,,,Y,Y,A,01,0,1,2,0,0,0,0,0,0,"- ","- ",36.385028839111328,-119.21285247802734,TULARE,UNINCORPORATED,-119.21285247802734,36.384986877441406
91634366,2021,2021-11-24,9480,2021-11-19,1034,013914,,5,1,9,5400,0,1,3,,1,044,"STATE ROUTE 198","ROAD 217",165.00,W,N,B,-,Y,,,198,,,,,,,Y,3,0,1,2,A,-,09,21801,A,N,A,C,A,A,H,-,A,D,0,,,Y,,Y,,A,01,0,1,0,0,0,0,0,0,1,"- ","- ",36.325489044189453,-119.08843231201172,TULARE,UNINCORPORATED,-119.08843231201172,36.325492858886719
91636902,2021,2021-11-29,9480,2021-11-21,0019,018521,,7,3,9,5400,0,1,3,,1,064,"SR-198 W/B",SR-99,2112.00,E,N,E,-,Y,,,198,,,,,,W,Y,2,0,2,1,A,-,01,23152,A,N,F,A,A,B,H,-,D,D,0,,,,,Y,Y,A,07,1,1,0,0,0,0,0,0,0,"- ","- ",36.327499389648438,-119.40293884277344,TULARE,UNINCORPORATED,-119.40293121337891,36.327537536621094
91636911,2021,2021-11-29,9480,2021-11-19,1550,016995,,5,2,9,5400,0,1,3,,1,034,"STATE ROUTE 198 (EB)","ROAD 64",300.00,W,N,A,-,Y,,,198,,,,,,,Y,4,0,1,2,A,-,03,22350,,N,C,C,A,A,H,-,A,D,0,,,,,Y,,A,01,0,0,1,0,0,0,0,0,0,"- ","- ",36.327461242675781,-119.45133209228516,TULARE,UNINCORPORATED,-119.45133209228516,36.327365875244141
91638102,2021,2021-11-30,9480,2021-11-22,0638,016046,,1,1,9,5400,0,1,3,,1,040,"STATE ROUTE 216","ROAD 158",0.00,,Y,E,-,Y,,,216,,,,,,,N,4,0,2,2,A,-,12,22450,A,N,D,C,A,B,H,-,A,A,0,,,,,Y,,A,01,0,0,2,0,0,0,0,0,0,"- ","- ",36.349128723144531,-119.22044372558594,TULARE,UNINCORPORATED,-119.22043609619141,36.349147796630859
91644901,2021,2021-12-07,9480,2021-11-25,2007,019349,,4,2,9,5400,0,1,3,,1,064,"STATE ROUTE 198","ROAD 180",2059.00,W,N,A,-,Y,,,198,,,,,,,Y,2,0,1,2,A,-,03,22350,,N,C,C,A,A,H,-,A,D,0,,,,,Y,,A,07,1,0,0,0,0,0,0,0,0,"- ","- ",36.326560974121094,-119.17788696289062,TULARE,UNINCORPORATED,-119.17788696289062,36.326587677001953
91652154,2021,2021-12-14,9480,2021-12-09,1100,016046,,4,1,5,5407,0,1,3,,1,064,"STATE ROUTE 198 (WESTBOUND)","MOONEY BLVD.",1584.00,E,N,B,C,Y,,,198,,,,,,,Y,4,0,1,3,A,-,03,22350,,N,C,C,A,B,H,-,A,D,0,,,,,Y,,D,22,0,0,1,0,0,0,0,0,0,"- ","- ",36.327068328857422,-119.30845642089844,TULARE,VISALIA,-119.30846405029297,36.326969146728516
91652175,2021,2021-12-14,9480,2021-12-09,1357,019048,,4,1,9,5400,0,1,3,,1,044,SR-198,"AVENUE 324",0.00,,Y,A,-,Y,,,198,,,,,,,Y,4,0,1,2,A,-,09,21802,A,N,D,C,A,A,H,-,A,A,0,,,,,Y,,A,01,0,0,1,0,0,0,0,0,0,"- ","- ",36.375530242919922,-119.02687835693359,TULARE,UNINCORPORATED,-119.02691650390625,36.375545501708984
9165283,2020,2020-11-24,5407,2020-08-21,0727,M194,480,5,5,5,5407,0,0,0,,0,033,"RT 63",NOBLE,0.00,,Y,A,-,Y,TUL,6,198,-,R,10.189,R,4,E,Y,3,0,1,2,A,-,12,21453,A,N,D,C,A,A,H,-,A,A,0,,,,,Y,,A,01,0,1,0,0,0,0,0,0,0,"- ","- ",36.326419830322266,-119.29225921630859,TULARE,VISALIA,-119.28832244873047,36.326908111572266
9165519,2020,2020-11-24,5407,2020-09-05,2128,11893,480,6,5,5,5407,0,0,0,,0,,"W MINERAL KING AV","S MOONEY BL",0.00,,Y,A,-,Y,TUL,6,198,-,R,9.038,R,4,W,Y,3,0,3,3,A,-,12,21453,A,N,D,C,A,A,H,-,C,A,0,,,,,Y,,A,01,0,1,2,0,0,0,0,0,0,"- ","- ",36.327480316162109,-119.31401062011719,TULARE,VISALIA,-119.30894470214844,36.326972961425781
91659934,2021,2021-12-23,9480,2021-12-15,1830,017108,,3,2,5,5407,0,1,3,,1,064,"STATE ROUTE 198 EASTBOUND","MOONEY BOULEVARD",387.00,E,N,A,-,Y,,,198,,,,,,E,Y,4,0,1,3,A,-,03,22350,,N,C,C,A,A,H,-,C,D,0,,,,,Y,,A,01,0,0,1,0,0,0,0,0,0,"- ","- ",36.326908111572266,-119.31256103515625,TULARE,VISALIA,-119.31256103515625,36.326995849609375
91662271,2021,2021-12-27,9480,2021-12-19,0110,018421,,7,3,5,5407,0,1,3,,1,064,"SR-198 W/B","PLAZA DR",210.00,E,N,A,-,Y,,,198,,,,,,W,Y,3,0,1,1,A,-,01,23152,A,N,E,I,A,A,H,-,D,D,0,,,,,Y,Y,A,01,0,1,0,0,0,0,0,0,0,"- ","- ",36.327430725097656,-119.38909149169922,TULARE,VISALIA,-119.38909912109375,36.327243804931641
91669766,2021,2022-01-04,9480,2021-12-23,2105,017108,,4,2,9,5400,0,1,3,,1,064,"STATE ROUTE 198","ROAD 196",0.00,,Y,C,-,Y,,,198,,,,,,,Y,4,0,1,3,A,-,12,21453,A,N,D,C,A,B,H,-,C,A,0,,,,,Y,,A,01,0,0,1,0,0,0,0,0,0,"- ","- ",36.326229095458984,-119.13490295410156,TULARE,UNINCORPORATED,-119.13490295410156,36.326271057128906
91674597,2022,2022-01-10,9480,2022-01-02,1140,018202,,7,1,9,5400,0,1,3,,1,040,SR-216,"COMSTOCK ST.",1267.00,E,N,A,-,Y,TUL,,216,,,3.076,H,,R,Y,4,0,2,2,A,-,03,22350,,N,C,C,A,A,H,-,A,D,0,,,,,Y,,A,01,0,0,2,0,0,0,0,0,0,"- ","- ",36.343448638916016,-119.24122619628906,TULARE,UNINCORPORATED,-119.24124145507812,36.343471527099609
91685579,2022,2022-01-26,9480,2022-01-22,2035,020837,,6,2,9,5400,0,1,3,,1,064,"STATE ROUTE 198 EASTBOUND","ROAD 156",1848.00,E,N,A,-,Y,TUL,,198,,R,14.127,H,,R,Y,3,0,1,1,A,-,01,23152,A,M,E,I,A,A,H,-,D,D,0,,,,,Y,Y,D,22,0,1,0,0,0,0,0,0,0,"- ","- ",36.326709747314453,-119.21793365478516,TULARE,UNINCORPORATED,-119.21792602539062,36.3267822265625
91691519,2022,2022-02-02,9480,2022-01-17,0025,016145,,1,3,9,5400,0,1,3,,1,064,"SR-198 W/B","WOODLAND DR",384.00,E,N,A,-,Y,TUL,,198,,R,8.547,H,,L,Y,2,0,2,1,A,-,01,23152,A,M,E,I,A,A,H,-,C,D,0,,,,,Y,Y,D,22,2,0,0,0,0,0,0,0,0,"- ","- ",36.327461242675781,-119.31771850585938,TULARE,UNINCORPORATED,-119.31774139404297,36.327323913574219
91692701,2022,2022-02-03,9480,2022-02-02,1200,016615,,3,1,9,5400,0,1,3,,1,044,SR-198,"WEST OF HORSE CREEK BRIDGE",359.00,W,N,A,-,Y,TUL,,198,,,33.515,H,,R,N,3,0,1,1,A,-,08,22107,,N,E,I,A,A,H,-,A,D,0,,,,,Y,,D,22,0,1,0,0,0,0,0,0,0,"- ","- ",36.388320922851562,-118.94664764404297,TULARE,UNINCORPORATED,-118.94666290283203,36.388324737548828
91693697,2021,2022-02-04,9480,2021-09-19,1310,019186,,7,1,9,5400,0,1,3,,1,034,"STATE ROUTE 198 EASTBOUND","ROAD 56",0.00,,Y,A,-,Y,,,198,,,,,,E,Y,1,1,0,2,A,-,09,21802,A,N,D,C,A,A,H,-,A,A,0,,,,,Y,,D,22,0,0,0,0,0,0,0,0,0,"- ","- ",36.327461242675781,-119.44838714599609,TULARE,UNINCORPORATED,-119.44838714599609,36.327339172363281
91693854,2022,2022-02-04,9480,2022-01-26,1920,019349,,3,2,9,5400,0,1,3,,1,064,"STATE ROUTE 198","ROAD 156",2323.00,W,N,A,-,Y,TUL,,198,,R,13.285,H,,R,Y,2,0,3,2,A,-,08,22107,,N,A,C,A,A,H,-,C,D,0,,,,,Y,,A,01,2,1,0,0,0,0,0,0,0,"- ","- ",36.327159881591797,-119.23300170898438,TULARE,UNINCORPORATED,-119.23299407958984,36.326950073242188
91698718,2022,2022-02-11,9480,2022-02-04,2218,020890,,5,3,9,5400,0,1,3,,1,040,"STATE ROUTE 216","ROAD 152",528.00,E,N,A,-,Y,TUL,,216,,,3.639,H,,R,Y,3,0,2,1,A,-,08,22107,,N,E,I,A,A,H,-,D,D,0,,,,,Y,,A,01,0,2,0,0,0,0,0,0,0,"- ","- ",36.346630096435547,-119.23200225830078,TULARE,UNINCORPORATED,-119.23196411132812,36.346588134765625
91701123,2022,2022-02-15,9480,2022-02-08,1315,016046,,2,1,9,5400,0,1,3,,1,040,"STATE ROUTE 216 (LOMITAS DRIVE)","DRY CREEK DR.",4224.00,W,N,A,-,Y,TUL,,216,,,17.881,H,,R,Y,3,0,1,1,A,-,08,22107,,N,F,A,A,A,H,-,A,D,0,,,,,Y,,A,07,0,1,0,0,0,0,0,0,0,"- ","- ",36.405788421630859,-119.03977966308594,TULARE,UNINCORPORATED,-119.03976440429688,36.405818939208984
91704075,2022,2022-02-18,9480,2022-02-11,1215,016233,,5,1,9,5400,0,1,3,,1,064,SR-198,SR-65,60.00,E,N,A,-,Y,TUL,,198,,R,18.777,H,,R,N,4,0,1,2,A,-,21,22106,,N,C,C,A,A,H,-,A,D,0,,,,,Y,,A,01,0,0,1,0,0,0,0,0,0,"- ","- ",36.326271057128906,-119.13461303710938,TULARE,UNINCORPORATED,-119.13460540771484,36.326145172119141
91710149,2022,2022-02-25,9480,2022-02-18,0800,016233,,5,1,5,5407,0,1,3,,1,064,"SR-198 E/B","S. GIDDINGS ST.",579.00,E,N,A,-,Y,TUL,,198,,R,9.346,H,,R,Y,4,0,1,2,A,-,03,22350,,N,C,C,A,A,H,-,A,D,0,,,,,Y,,A,07,0,0,1,0,0,0,0,0,0,"- ","- ",36.326831817626953,-119.30342102050781,TULARE,VISALIA,-119.30342102050781,36.326858520507812
91711307,2022,2022-02-28,9480,2022-02-19,1525,020837,,6,2,5,5407,0,1,3,,1,064,"STATE ROUTE 198 WESTBOUND","GIDDINGS STREET",320.00,E,N,A,-,Y,TUL,,198,,R,9.316,H,,L,Y,3,0,1,1,A,-,08,22107,,N,E,8,A,A,H,-,A,D,0,,,,,Y,,A,01,0,1,0,0,0,0,0,0,0,"- ","- ",36.326980590820312,-119.30397796630859,TULARE,VISALIA,-119.30397796630859,36.327045440673828
91711347,2022,2022-02-28,9480,2022-02-19,1830,020837,,6,2,5,5407,0,1,3,,1,064,"STATE ROUTE 198 WESTBOUND","GIDDINGS STREET",500.00,E,N,A,-,Y,TUL,,198,,R,9.311,H,,L,Y,3,0,3,2,A,-,03,22350,,N,C,C,A,A,H,-,D,D,0,,,Y,,Y,,C,02,0,1,2,0,0,0,0,0,1,"- ","- ",36.327030181884766,-119.3040771484375,TULARE,VISALIA,-119.3040771484375,36.327045440673828
91714384,2022,2022-04-07,9480,2022-02-13,1914,020060,,7,2,5,5407,0,1,3,,1,064,"STATE ROUTE 198 WESTBOUND","SANTA FE STREET",11.00,W,N,A,-,Y,TUL,,198,,R,10.207,H,,L,Y,1,1,2,2,A,-,11,21954,A,N,G,B,D,A,H,-,D,D,0,Y,,,,Y,,N,60,0,2,0,1,0,0,0,0,0,"- ","- ",36.327018737792969,-119.28795623779297,TULARE,VISALIA,-119.28795623779297,36.326999664306641
91720688,2022,2022-03-11,9480,2022-03-07,1550,016995,,1,2,5,5407,0,1,3,,1,064,"STATE ROUTE 198 W/B","PLAZA DRIVE",1584.00,E,N,A,-,Y,TUL,,198,,,5.124,H,,L,Y,4,0,2,2,A,-,03,22350,,N,C,C,A,A,H,-,A,D,0,,,,,Y,,A,01,0,0,2,0,0,0,0,0,0,"- ","- ",36.327041625976562,-119.37904357910156,TULARE,VISALIA,-119.37904357910156,36.327232360839844
91720722,2022,2022-03-11,9480,2022-03-08,0440,020060,,2,3,5,5407,0,1,3,,1,064,"STATE ROUTE 198 W/B","WOODLAND STREET",330.00,W,N,A,-,Y,TUL,,198,,R,8.570,H,,L,Y,3,0,2,1,A,-,01,23152,A,N,E,I,A,A,H,-,C,D,0,,,,,Y,Y,A,01,0,2,0,0,0,0,0,0,0,"- ","- ",36.327358245849609,-119.31732177734375,TULARE,VISALIA,-119.31732940673828,36.327281951904297
91726581,2022,2022-03-18,9480,2022-03-15,1544,019048,,2,2,5,5407,0,1,3,,1,064,"SR-198 E/B","MOONEY BLVD",1056.00,E,N,A,-,Y,TUL,,198,,R,8.823,H,,R,N,4,0,1,1,A,-,03,22350,,N,F,A,A,A,H,-,A,D,0,,,Y,,Y,,C,02,0,0,1,0,0,0,0,0,1,"- ","- ",36.327011108398438,-119.31285095214844,TULARE,VISALIA,-119.31285095214844,36.326908111572266
91729870,2022,2022-03-23,9480,2022-03-16,1634,019427,,3,2,5,5407,0,1,3,,1,064,"STATE ROUTE 198 (EASTBOUND)","PLAZA DRIVE",1500.00,E,N,A,-,Y,TUL,,198,,,4.927,H,,R,N,3,0,1,1,A,-,03,22350,,N,F,A,A,A,H,-,A,D,0,,,Y,,Y,,C,02,0,1,0,0,0,0,0,0,1,"- ","- ",36.327018737792969,-119.38258361816406,TULARE,VISALIA,-119.38257598876953,36.327075958251953
91733655,2022,2022-03-25,9480,2022-03-13,0152,019697,,7,3,5,5407,0,1,3,,1,064,SR-198,"WOODLAND ST",392.00,E,N,A,-,Y,TUL,,198,,R,8.536,H,,R,N,4,0,1,1,A,-,01,23152,A,N,E,I,A,A,H,-,D,D,0,,,,,Y,Y,A,01,0,0,1,0,0,0,0,0,0,"- ","- ",36.327339172363281,-119.31790924072266,TULARE,VISALIA,-119.31793212890625,36.327175140380859
91736136,2022,2022-03-29,9480,2022-03-28,0819,019932,,1,1,5,5407,0,1,3,,1,064,"SR-198 E/B","PLAZA DRIVE",1320.00,W,N,B,C,Y,TUL,,198,,R,4.497,H,,R,Y,4,0,1,1,A,-,03,22350,,N,E,I,A,B,H,-,A,D,0,,,,,Y,,A,01,0,0,1,0,0,0,0,0,0,"- ","- ",36.327098846435547,-119.39541625976562,TULARE,VISALIA,-119.39542388916016,36.327198028564453
91738971,2022,2022-04-01,9480,2022-03-23,0021,019828,,3,3,5,5407,0,1,3,,1,064,"SR-198 W/B","DEMAREE ST.",528.00,E,N,A,-,Y,TUL,,198,,,7.939,H,,L,Y,4,0,1,2,A,-,01,23152,A,M,C,C,A,A,H,-,D,A,0,,,,,Y,Y,A,07,0,0,1,0,0,0,0,0,0,"- ","- ",36.327350616455078,-119.32862854003906,TULARE,VISALIA,-119.32862091064453,36.327201843261719
91739120,2022,2022-04-01,9480,2022-03-24,0750,013914,,4,1,5,5407,0,1,3,,1,064,"STATE ROUTE 198 (WESTBOUND)","SOUTH SANTA FE STREET",60.00,W,N,A,-,Y,TUL,,198,,R,10.186,H,,R,N,3,0,1,2,A,-,08,22107,,N,B,C,A,A,H,-,A,D,0,,,,,Y,,A,01,0,1,0,0,0,0,0,0,0,"- ","- ",36.327011108398438,-119.288330078125,TULARE,VISALIA,-119.288330078125,36.326816558837891
91739205,2022,2022-04-01,9480,2022-03-24,2040,019048,,4,2,9,5400,0,1,3,,1,040,SR-216,"ROAD 168",0.00,,Y,A,-,Y,TUL,,216,,,7.951,H,,R,N,3,0,1,2,A,-,01,23152,A,N,C,C,A,A,H,-,D,D,0,,,,,Y,Y,D,22,0,1,0,0,0,0,0,0,0,"- ","- ",36.385570526123047,-119.19776916503906,TULARE,UNINCORPORATED,-119.19779968261719,36.385608673095703
91743097,2022,2022-04-07,9480,2022-03-28,0800,016007,,1,1,5,5407,0,1,3,,1,064,"STATE HIGHWAY 198","BRIDGE STREET",72.00,E,N,C,-,Y,TUL,,198,,R,10.176,H,,R,Y,4,0,1,4,A,-,03,22350,,N,C,C,A,B,H,-,A,D,0,,,,,Y,,A,01,0,0,1,0,0,0,0,0,0,"- ","- ",36.326999664306641,-119.28852081298828,TULARE,VISALIA,-119.28852081298828,36.326816558837891
91743231,2022,2022-04-07,9480,2022-03-28,0830,016046,,1,1,5,5407,0,1,3,,1,064,"STATE ROUTE 198 (WESTBOUND)","BRIDGE STREET",50.00,E,N,C,-,Y,TUL,,198,,R,10.171,H,,R,N,4,0,1,2,A,-,03,22350,,N,C,C,A,B,H,-,A,D,0,,,,,Y,,A,01,0,0,1,0,0,0,0,0,0,"- ","- ",36.327030181884766,-119.28861236572266,TULARE,VISALIA,-119.28861236572266,36.326820373535156
91747401,2022,2022-04-13,9480,2022-04-10,1744,019048,,7,2,5,5407,0,1,3,,1,064,"SR-198 E/B TO CENTRAL VISALIA (OFFRAMP)","WEST ST",200.00,W,N,A,-,Y,TUL,,198,,R,9.644,H,,R,N,3,0,1,2,A,-,01,23152,A,N,B,C,A,A,H,-,A,D,0,,,,,Y,Y,A,01,0,1,0,0,0,0,0,0,0,"- ","- ",36.326591491699219,-119.29810333251953,TULARE,VISALIA,-119.29810333251953,36.32684326171875
91747940,2022,2022-04-14,9480,2022-03-25,0750,016723,,5,1,9,5400,0,1,3,,1,064,"STATE ROUTE 198 (EASTBOUND)","ROAD 180 (ANDERSON ROAD)",141.00,E,N,A,-,Y,TUL,,198,,R,16.880,H,,R,Y,2,0,1,2,A,-,03,22350,,N,C,C,A,A,H,-,A,A,0,,,Y,,Y,,C,02,1,0,0,0,0,0,0,0,1,"- ","- ",36.326461791992188,-119.16863250732422,TULARE,UNINCORPORATED,-119.16863250732422,36.326454162597656