CASE_ID,ACCIDENT_YEAR,PROC_DATE,JURIS,COLLISION_DATE,COLLISION_TIME,OFFICER_ID,REPORTING_DISTRICT,DAY_OF_WEEK,CHP_SHIFT,POPULATION,CNTY_CITY_LOC,SPECIAL_COND,BEAT_TYPE,CHP_BEAT_TYPE,CITY_DIVISION_LAPD,CHP_BEAT_CLASS,BEAT_NUMBER,PRIMARY_RD,SECONDARY_RD,DISTANCE,DIRECTION,INTERSECTION,WEATHER_1,WEATHER_2,STATE_HWY_IND,CALTRANS_COUNTY,CALTRANS_DISTRICT,STATE_ROUTE,ROUTE_SUFFIX,POSTMILE_PREFIX,POSTMILE,LOCATION_TYPE,RAMP_INTERSECTION,SIDE_OF_HWY,TOW_AWAY,COLLISION_SEVERITY,NUMBER_KILLED,NUMBER_INJURED,PARTY_COUNT,PRIMARY_COLL_FACTOR,PCF_CODE_OF_VIOL,PCF_VIOL_CATEGORY,PCF_VIOLATION,PCF_VIOL_SUBSECTION,HIT_AND_RUN,TYPE_OF_COLLISION,MVIW,PED_ACTION,ROAD_SURFACE,ROAD_COND_1,ROAD_COND_2,LIGHTING,CONTROL_DEVICE,CHP_ROAD_TYPE,PEDESTRIAN_ACCIDENT,BICYCLE_ACCIDENT,MOTORCYCLE_ACCIDENT,TRUCK_ACCIDENT,NOT_PRIVATE_PROPERTY,ALCOHOL_INVOLVED,STWD_VEHTYPE_AT_FAULT,CHP_VEHTYPE_AT_FAULT,COUNT_SEVERE_INJ,COUNT_VISIBLE_INJ,COUNT_COMPLAINT_PAIN,COUNT_PED_KILLED,COUNT_PED_INJURED,COUNT_BICYCLIST_KILLED,COUNT_BICYCLIST_INJURED,COUNT_MC_KILLED,COUNT_MC_INJURED,PRIMARY_RAMP,SECONDARY_RAMP,LATITUDE,LONGITUDE,COUNTY,CITY,POINT_X,POINT_Y
91747972,2022,2022-04-14,9480,2022-04-13,0140,020060,,3,3,9,5400,0,1,3,,1,044,"STATE ROUTE 198 (SIERRA DRIVE)","MINERAL KING RD",10560.00,E,N,A,-,Y,TUL,,198,,,43.171,H,,R,Y,4,0,1,1,A,-,08,22107,,M,E,9,A,A,H,-,D,D,0,,,,,Y,,A,01,0,0,1,0,0,0,0,0,0,"- ","- ",36.475200653076172,-118.85159301757812,TULARE,UNINCORPORATED,-118.85157775878906,36.475189208984375
91748412,2022,2022-04-14,9480,2022-03-26,1445,016995,,6,2,5,5407,0,1,3,,1,064,"STATE ROUTE 198 (EB)","BEN MADDOX WAY",100.00,W,N,A,-,Y,TUL,,198,,R,10.710,H,,R,N,4,0,1,2,A,-,07,21658,A,N,B,C,A,A,H,-,A,D,0,,,,,Y,,A,01,0,0,1,0,0,0,0,0,0,"- ","- ",36.326629638671875,-119.27896881103516,TULARE,VISALIA,-119.27896881103516,36.326637268066406
91748438,2022,2022-04-14,9480,2022-04-12,1205,016046,,2,1,9,5400,0,1,3,,1,040,"STATE ROUTE 216 (MILLWOOD DRIVE)","ROAD 188",0.00,,Y,A,-,Y,TUL,,216,,,10.886,H,,R,Y,3,0,1,2,A,-,12,22450,A,N,D,C,A,A,H,-,A,A,0,,,,,Y,,A,07,0,1,0,0,0,0,0,0,0,"- ","- ",36.407451629638672,-119.15277099609375,TULARE,UNINCORPORATED,-119.15276336669922,36.407440185546875
91753671,2022,2022-04-21,9480,2022-04-19,0745,018202,,2,1,5,5407,0,1,3,,1,064,"SR-198 W/B","COURT ST",220.00,E,N,A,-,Y,TUL,,198,,R,10.013,H,,L,Y,4,0,2,2,A,-,03,22350,,N,C,C,A,A,H,-,A,D,0,,,,,Y,,D,22,0,0,2,0,0,0,0,0,0,"- ","- ",36.326980590820312,-119.29147338867188,TULARE,VISALIA,-119.29147338867188,36.326995849609375
91754321,2022,2022-04-22,9480,2022-04-12,2255,016145,,2,3,9,5400,0,1,3,,1,064,"SR-198 W/B","SR-99 N/B",1410.00,E,N,A,-,Y,TUL,,198,,R,4.061,H,,L,Y,3,0,1,1,A,-,01,23152,F,N,F,A,A,A,H,-,D,D,0,,,,,Y,,A,07,0,1,0,0,0,0,0,0,0,"- ","- ",36.327449798583984,-119.40326690673828,TULARE,UNINCORPORATED,-119.40318298339844,36.327617645263672
91755066,2022,2022-04-25,9480,2022-04-17,0040,021249,,7,3,9,5400,0,1,3,,1,064,"SR-198 W/B",SR-99,1320.00,E,N,A,-,Y,TUL,,198,,R,4.022,H,,L,Y,3,0,2,1,A,-,01,23152,A,N,F,A,A,A,H,-,D,D,0,,,,,Y,Y,A,01,0,2,0,0,0,0,0,0,0,"- ","- ",36.327880859375,-119.40381622314453,TULARE,UNINCORPORATED,-119.40383911132812,36.327835083007812
91756846,2022,2022-04-26,9480,2022-04-20,0802,013914,,3,1,5,5407,0,1,3,,1,064,"STATE ROUTE 198 WESTBOUND","SANTA FE AVENUE OVERCROSSING",25.00,E,N,A,-,Y,TUL,,198,,R,10.235,H,,L,Y,3,0,1,2,A,-,03,22350,,N,C,C,A,A,H,-,A,D,0,,,,,Y,,A,01,0,1,0,0,0,0,0,0,0,"- ","- ",36.326778411865234,-119.28745269775391,TULARE,VISALIA,-119.28746032714844,36.327007293701172
91756886,2022,2022-04-26,9480,2022-04-20,0825,016723,,3,1,5,5407,0,1,3,,1,064,"STATE ROUTE 198 WESTBOUND","SHIRK ROAD OC",875.00,E,N,A,-,Y,TUL,,198,,,5.996,H,,L,Y,4,0,2,3,A,-,03,22350,,N,C,C,A,A,H,-,A,D,0,,,,,Y,,A,07,0,0,2,0,0,0,0,0,0,"- ","- ",36.327220916748047,-119.36342620849609,TULARE,VISALIA,-119.36343383789062,36.327259063720703
91761014,2022,2022-04-29,9480,2022-04-20,0800,016723,,3,1,5,5407,0,1,3,,1,064,"STATE ROUTE 198 EASTBOUND","N. WOODLAND DRIVE",1425.00,W,N,A,-,Y,TUL,,198,,R,8.228,H,,R,Y,4,0,1,2,A,-,03,22350,,N,C,C,A,A,H,-,A,A,0,,,,,Y,,A,08,0,0,1,0,0,0,0,0,0,"- ","- ",36.327190399169922,-119.32344055175781,TULARE,VISALIA,-119.32344055175781,36.327182769775391
91763113,2022,2022-05-03,9480,2022-04-25,1530,020837,,1,2,5,5407,0,1,3,,1,064,"STATE ROUTE 198 WESTBOUND","CONYER ST",400.00,W,N,A,-,Y,TUL,,198,,R,9.396,H,,L,Y,3,0,2,2,A,-,07,21658,A,F,E,I,A,A,H,-,A,D,0,,,,,Y,,A,01,0,2,0,0,0,0,0,0,0,"- ","- ",36.327018737792969,-119.30255889892578,TULARE,VISALIA,-119.30255889892578,36.327033996582031
91763443,2022,2022-05-03,9480,2022-04-27,0745,016723,,3,1,9,5400,0,1,3,,1,064,"STATE ROUTE 198 WESTBOUND","SHIRK ROAD",45.00,E,N,A,-,Y,TUL,,198,,,5.767,H,,L,Y,4,0,1,2,A,-,03,22350,,N,C,2,A,A,H,-,A,D,0,,,,,Y,,D,22,0,0,1,0,0,0,0,0,0,"- ","- ",36.327239990234375,-119.36752319335938,TULARE,UNINCORPORATED,-119.36752319335938,36.327251434326172
91776995,2022,2022-06-01,9480,2022-05-12,0742,016046,,4,1,5,5407,0,1,3,,1,064,"STATE ROUTE 198 (WESTBOUND)","WATSON STREET",350.00,W,N,A,-,Y,TUL,,198,,R,9.669,H,,R,Y,2,0,4,7,A,-,03,22350,,N,C,C,A,B,H,-,A,A,0,,,,,Y,,A,01,1,0,3,0,0,0,0,0,0,"- ","- ",36.326980590820312,-119.29763793945312,TULARE,VISALIA,-119.29763793945312,36.32684326171875
91778394,2022,2022-05-23,9480,2022-05-15,1150,020238,,7,1,9,5400,0,1,3,,1,064,"STATE ROUTE 198","ROAD 180",0.00,,Y,A,-,Y,TUL,,198,,R,16.766,H,,R,Y,4,0,4,2,A,-,09,21801,A,N,D,C,A,A,H,-,A,A,0,,,,,Y,,A,01,0,0,4,0,0,0,0,0,0,"- ","- ",36.326461791992188,-119.17066955566406,TULARE,UNINCORPORATED,-119.17066955566406,36.326465606689453
91780371,2022,2022-05-25,9480,2022-04-01,0005,019828,,5,3,9,5400,0,1,3,,1,044,"STATE ROUTE 198 (SIERRA DRIVE)","EGGERS DRIVE",400.00,E,N,A,-,Y,TUL,,198,,,39.034,H,,R,Y,1,1,3,1,A,-,08,22107,,N,E,8,A,A,H,-,D,D,0,,,,,Y,,A,01,1,1,1,0,0,0,0,0,0,"- ","- ",36.44525146484375,-118.90249633789062,TULARE,UNINCORPORATED,-118.90248107910156,36.445243835449219
91784801,2022,2022-05-31,9480,2022-05-25,1600,019846,,3,2,9,5400,0,1,3,,1,044,"SR-198 WESTBOUND","HORSE CREEK CAMPGROUND ENTRANCE (HORSE CREEK RD.)",0.00,,Y,A,-,Y,TUL,,198,,,32.777,H,,L,N,2,0,1,1,C,-,18,,,N,F,A,A,A,D,-,A,D,0,,,Y,,Y,,-,"- ",1,0,0,0,0,0,0,0,1,"- ","- ",36.389678955078125,-118.95848083496094,TULARE,UNINCORPORATED,-118.95846557617188,36.389698028564453
91785306,2022,2022-05-31,9480,2022-05-28,0018,019828,,6,3,9,5400,0,1,3,,1,064,"SR-198 E/B",SR-99,1584.00,E,N,A,-,Y,TUL,,198,,R,4.200,H,,R,Y,3,0,1,1,A,-,08,22107,,N,F,A,A,A,H,-,C,D,0,,,,,Y,,A,01,0,1,0,0,0,0,0,0,0,"- ","- ",36.3271484375,-119.40046691894531,TULARE,UNINCORPORATED,-119.40046691894531,36.3271484375
91786234,2022,2022-06-01,9480,2022-02-04,1534,019349,,5,2,9,5400,0,1,3,,1,040,"STATE ROUTE 216 (ROAD 160)","EL RIO DRIVE",528.00,N,N,A,-,Y,TUL,,216,,,5.200,H,,R,Y,1,1,0,3,A,-,03,22350,,N,C,C,A,A,H,-,A,D,0,,,,Y,Y,,A,07,0,0,0,0,0,0,0,0,0,"- ","- ",36.359428405761719,-119.21621704101562,TULARE,UNINCORPORATED,-119.21615600585938,36.359428405761719
91787801,2022,2022-06-03,9480,2022-05-30,1935,020837,,1,2,9,5400,0,1,3,,1,044,"STATE ROUTE 198","HORSE CREEK RD",7392.00,W,N,A,-,Y,TUL,,198,,,31.967,H,,R,Y,3,0,8,2,A,-,08,22107,,N,A,C,A,A,H,-,B,D,0,,,,,Y,,A,07,0,2,6,0,0,0,0,0,0,"- ","- ",36.397029876708984,-118.96965026855469,TULARE,UNINCORPORATED,-118.96964263916016,36.397037506103516
91788998,2022,2022-06-06,9480,2022-05-30,2305,020612,,1,3,9,5400,0,1,3,,1,064,"STATE ROUTE 198 EASTBOUND","ROAD 180 (ANDERSON)",63.00,E,N,A,-,Y,TUL,,198,,R,16.779,H,,R,N,2,0,1,1,A,-,01,23152,A,N,E,I,A,A,H,-,D,D,0,,,,,Y,Y,A,08,1,0,0,0,0,0,0,0,0,"- ","- ",36.326278686523438,-119.17043304443359,TULARE,UNINCORPORATED,-119.17042541503906,36.326461791992188
91795721,2022,2022-06-15,9480,2022-06-04,2234,020612,,6,3,9,5400,0,1,3,,1,040,"STATE ROUTE 216 (AVENUE 344)","ROAD 222",0.00,,Y,A,-,Y,TUL,,216,,,15.261,H,,R,N,3,0,1,2,A,-,01,23152,A,N,D,C,A,A,H,-,D,A,0,,,,,Y,Y,A,07,0,1,0,0,0,0,0,0,0,"- ","- ",36.413631439208984,-119.07633209228516,TULARE,UNINCORPORATED,-119.07633209228516,36.413703918457031
91802625,2022,2022-06-24,9480,2022-06-13,1215,016723,,1,1,5,5407,0,1,3,,1,064,"STATE ROUTE 198 (EASTBOUND)","BURKE STREET OVERPASS",20.00,W,N,A,-,Y,TUL,,198,,R,10.475,H,,R,Y,4,0,1,1,A,-,08,22107,,N,E,8,A,A,H,-,A,D,0,,,,,Y,,A,01,0,0,1,0,0,0,0,0,0,"- ","- ",36.326789855957031,-119.28321838378906,TULARE,VISALIA,-119.28321838378906,36.326850891113281
91806911,2022,2022-06-30,9480,2022-06-25,2201,020450,,6,3,5,5407,0,1,3,,1,044,"SR-198 W/B","BEN MADDOX WAY",1214.00,W,N,A,-,Y,TUL,,198,,R,10.497,H,,L,Y,3,0,1,1,A,-,01,23152,A,M,F,I,A,A,H,-,D,D,0,,,,,Y,Y,A,01,0,1,0,0,0,0,0,0,0,"- ","- ",36.327091217041016,-119.28282165527344,TULARE,VISALIA,-119.28282165527344,36.327007293701172
91807137,2022,2022-06-30,9480,2022-06-23,1629,019846,,4,2,9,5400,0,1,3,,1,040,SR-216,"ROAD 158",35.00,W,N,A,-,Y,TUL,,216,,,4.312,H,,R,Y,4,0,1,2,A,-,08,22107,,N,B,C,A,A,H,-,A,D,0,,,,,Y,,A,07,0,0,1,0,0,0,0,0,0,"- ","- ",36.34912109375,-119.22061157226562,TULARE,UNINCORPORATED,-119.22061157226562,36.349132537841797
91811262,2022,2022-07-06,9480,2022-06-30,1155,016723,,4,1,9,5400,0,1,3,,1,064,"STATE ROUTE 198 (EASTBOUND)","SR-65 / ROAD 196",60.00,W,N,A,-,Y,TUL,,198,,R,18.756,H,,R,Y,4,0,1,2,A,-,03,22350,,N,C,C,A,A,H,-,A,A,0,,,,,Y,,D,22,0,0,1,0,0,0,0,0,0,"- ","- ",36.326148986816406,-119.13497924804688,TULARE,UNINCORPORATED,-119.13497924804688,36.326137542724609
91811353,2022,2022-07-06,9480,2022-07-02,0345,016145,,6,3,5,5407,0,1,3,,1,064,"SR-198 W/B","CONYER STREET",345.00,E,N,A,-,Y,TUL,,198,,R,9.551,H,,L,Y,3,0,1,1,A,-,01,23152,A,N,F,A,A,A,H,-,C,D,0,,,,,Y,Y,A,07,0,1,0,0,0,0,0,0,0,"- ","- ",36.326988220214844,-119.29979705810547,TULARE,VISALIA,-119.29979705810547,36.327018737792969
91822391,2022,2022-07-21,9480,2022-07-11,0235,018861,,1,3,5,5407,0,1,3,,1,064,"STATE ROUTE 198 E/B","MOONEY BLVD.",429.00,W,N,A,-,Y,TUL,,198,,R,8.662,H,,R,N,3,0,2,1,A,-,08,22107,,N,F,I,A,A,H,-,D,D,0,,,,,Y,,A,01,0,2,0,0,0,0,0,0,0,"- ","- ",36.327011108398438,-119.31571197509766,TULARE,VISALIA,-119.31571197509766,36.326950073242188
91824337,2022,2022-10-13,9480,2022-06-19,0256,020060,,7,3,5,5407,0,1,3,,1,064,"STATE ROUTE 198 WESTBOUND","WOODLAND STREET OVERCROSSING",186.00,E,N,A,-,Y,TUL,,198,,R,8.544,H,,L,Y,1,1,0,1,A,-,08,22107,,N,E,8,A,A,H,-,D,D,0,,,,,Y,Y,A,01,0,0,0,0,0,0,0,0,0,"- ","- ",36.327461242675781,-119.31775665283203,TULARE,VISALIA,-119.31777954101562,36.327327728271484
91826340,2022,2022-07-27,9480,2022-07-23,2009,019543,,6,2,5,5407,0,1,3,,1,064,"SR-198 E/B","AKERS ST",528.00,E,N,A,-,Y,TUL,,198,,,7.144,H,,R,N,4,0,1,1,D,-,00,,,N,E,I,A,A,H,-,B,D,0,,,,,Y,,-,"- ",0,0,1,0,0,0,0,0,0,"- ","- ",36.327350616455078,-119.34282684326172,TULARE,VISALIA,-119.34282684326172,36.327289581298828
91826898,2022,2022-07-28,9480,2022-07-27,2300,016145,,3,3,9,5400,0,1,3,,1,064,"SR-198 W/B","SR-99 N/B",1584.00,E,N,A,-,Y,TUL,,198,,R,4.065,H,,L,Y,3,0,1,1,A,-,08,22107,,N,F,A,A,A,H,-,D,D,0,,,Y,,Y,,C,02,0,1,0,0,0,0,0,0,1,"- ","- ",36.327571868896484,-119.40313720703125,TULARE,UNINCORPORATED,-119.40312194824219,36.327598571777344
91827311,2022,2022-07-28,9480,2022-07-26,1045,016046,,2,1,9,5400,0,1,3,,1,044,"STATE ROUTE 198","SUNSET DRIVE",2640.00,W,N,A,-,Y,TUL,,198,,,39.902,H,,R,N,3,0,1,1,A,-,08,22107,,N,E,I,A,A,H,-,A,D,0,,,,,Y,,A,01,0,1,0,0,0,0,0,0,0,"- ","- ",36.454109191894531,-118.89264678955078,TULARE,UNINCORPORATED,-118.89266204833984,36.454063415527344
91838933,2022,2022-10-13,9480,2022-07-12,0510,016145,,2,3,5,5407,0,1,3,,1,064,"STATE ROUTE 198 EASTBOUND","BURKE STREET",280.00,W,N,A,-,Y,TUL,,198,,R,10.413,H,,R,Y,1,1,0,2,A,-,17,21200,,N,G,G,A,A,H,-,C,D,0,,Y,,,Y,,L,04,0,0,0,0,0,1,0,0,0,"- ","- ",36.326850891113281,-119.28430938720703,TULARE,VISALIA,-119.28430938720703,36.326847076416016
91840368,2022,2022-08-15,9480,2022-08-06,1840,016995,,6,2,9,5400,0,1,3,,1,044,"STATE ROUTE 198","MEHRTEN DRIVE",120.00,E,N,A,-,Y,TUL,,198,,,23.772,H,,R,Y,4,0,3,2,A,-,09,21801,A,N,D,C,A,A,H,-,A,D,0,,,,,Y,,A,01,0,0,3,0,0,0,0,0,0,"- ","- ",36.345939636230469,-119.05722045898438,TULARE,UNINCORPORATED,-119.05706024169922,36.345760345458984
91841273,2022,2022-09-22,9480,2022-08-10,1755,019349,,3,2,5,5407,0,1,3,,1,064,"STATE ROUTE 198","PLAZA DRIVE",1742.00,E,N,A,-,Y,TUL,,198,,R,5.143,H,,R,Y,2,0,2,3,A,-,03,22350,,N,C,C,A,A,H,-,A,D,0,,,,,Y,,A,01,2,0,0,0,0,0,0,0,0,"- ","- ",36.327060699462891,-119.38381958007812,TULARE,VISALIA,-119.38381958007812,36.32708740234375
91845090,2022,2022-08-22,9480,2022-08-10,1835,019349,,3,2,5,5407,0,1,3,,1,064,"STATE ROUTE 198","PLAZA DR",1690.00,W,N,A,-,Y,TUL,,198,,R,4.465,H,,R,Y,3,0,2,4,A,-,03,22350,,M,C,C,A,A,H,-,A,D,0,,,,,Y,,A,07,0,2,0,0,0,0,0,0,0,"- ","- ",36.327251434326172,-119.39600372314453,TULARE,VISALIA,-119.39599609375,36.327194213867188
91861104,2022,2022-09-09,9480,2022-09-03,1720,020837,,6,2,9,5400,0,1,3,,1,044,"STATE ROUTE 198","EGGERS DRIVE",2534.00,E,N,A,-,Y,TUL,,198,,,39.428,H,,R,Y,3,0,3,2,A,-,09,21804,A,N,D,C,A,A,H,-,A,D,0,,,,,Y,,A,07,0,1,2,0,0,0,0,0,0,"- ","- ",36.449748992919922,-118.8984375,TULARE,UNINCORPORATED,-118.8984375,36.449748992919922
91861980,2022,2022-09-12,9480,2022-08-27,0520,019186,,6,3,9,5400,0,3,5,,2,006,"SR-216 (LOMITAS DR)","ROAD 228",5280.00,E,N,A,-,Y,TUL,,216,,,17.428,H,,R,Y,4,0,1,1,A,-,08,22107,,N,E,I,A,A,H,-,B,D,0,,,,,Y,,A,01,0,0,1,0,0,0,0,0,0,"- ","- ",36.406551361083984,-119.04754638671875,TULARE,UNINCORPORATED,-119.04740905761719,36.406391143798828
91861981,2022,2022-09-12,9480,2022-08-09,0355,016145,,2,3,9,5400,0,1,3,,1,064,"STATE ROUTE 198 EASTBOUND","ROAD 180",1052.00,W,N,A,-,Y,TUL,,198,,R,16.561,H,,R,N,1,1,1,2,A,-,11,21956,A,N,G,B,E,A,H,-,D,A,0,Y,,,,Y,,N,60,0,1,0,1,0,0,0,0,0,"- ","- ",36.326541900634766,-119.17434692382812,TULARE,UNINCORPORATED,-119.17434692382812,36.326545715332031
91863243,2022,2022-09-13,9480,2022-09-06,1545,019349,,2,2,5,5407,0,1,3,,1,063,"STATE ROUTE 198 EASTBOUND TO STATE ROUTE 63 NORTHB","CONYER ST",423.00,E,N,A,-,Y,TUL,,198,,R,9.566,H,,R,Y,4,0,3,4,A,-,03,22350,,F,C,C,A,A,H,-,A,A,0,,,,,Y,,-,99,0,0,3,0,0,0,0,0,0,"- ","- ",36.326709747314453,-119.29949188232422,TULARE,VISALIA,-119.29949188232422,36.32684326171875
91863594,2022,2022-09-13,9480,2022-09-08,0820,018202,,4,1,5,5407,0,1,3,,1,064,"SR-198 W/B","SHIRK RD",528.00,E,N,A,-,Y,TUL,,198,,,5.898,H,,L,Y,2,0,2,3,A,-,03,22350,,N,C,C,A,A,H,-,A,D,0,,,,,Y,,A,01,1,0,1,0,0,0,0,0,0,"- ","- ",36.327228546142578,-119.36518859863281,TULARE,VISALIA,-119.36518859863281,36.327255249023438
91865487,2022,2022-09-15,9480,2022-09-12,2235,016145,,1,3,5,5407,0,1,3,,1,064,"SR-198 W/B","WOODLAND ST",273.00,E,N,A,-,Y,TUL,,198,,R,8.540,H,,L,Y,3,0,1,1,A,-,01,23152,G,N,F,A,A,A,H,-,C,D,0,,,,,Y,Y,A,01,0,1,0,0,0,0,0,0,0,"- ","- ",36.327419281005859,-119.31784820556641,TULARE,VISALIA,-119.31786346435547,36.327335357666016
91881492,2022,2022-10-04,9480,2022-09-29,1645,019846,,4,2,5,5407,0,1,3,,1,064,"SR-198 (E/B)","BEN MADDOX WAY OVERCROSSING",309.00,W,N,A,-,Y,TUL,,198,,R,10.668,H,,R,Y,4,0,1,1,A,-,08,22107,,N,F,A,A,A,H,-,A,D,0,,,,,Y,,A,01,0,0,1,0,0,0,0,0,0,"- ","- ",36.326740264892578,-119.27971649169922,TULARE,VISALIA,-119.27972412109375,36.326736450195312
91885051,2022,2022-10-07,9480,2022-09-24,0745,016240,,6,1,9,5400,0,3,5,,2,004,"SR-216 (LOMITAS DRIVE)","DRY CREEK DRIVE",2112.00,W,N,A,-,Y,TUL,,216,,,18.282,H,,R,Y,3,0,1,1,A,-,08,22107,,N,E,J,A,A,H,-,A,D,0,,,,,Y,,A,01,0,1,0,0,0,0,0,0,0,"- ","- ",36.401618957519531,-119.0360107421875,TULARE,UNINCORPORATED,-119.03582763671875,36.401664733886719
91892605,2022,2022-10-18,9480,2022-10-02,0401,021044,,7,3,9,5400,0,1,3,,1,064,"SR-198 W/B","SR-99 N/B",1478.00,E,N,A,-,Y,TUL,,198,,R,4.178,H,,L,Y,3,0,1,1,A,-,01,23152,A,N,F,A,A,A,H,-,D,D,0,,,,,Y,Y,A,01,0,1,0,0,0,0,0,0,0,"- ","- ",36.327358245849609,-119.401123046875,TULARE,UNINCORPORATED,-119.401123046875,36.327342987060547
91896074,2022,2022-10-21,9480,2022-10-02,0320,019828,,7,3,9,5400,0,1,3,,1,064,"SR-198 W/B","SR-99 N/B",1056.00,E,N,A,-,Y,TUL,,198,,R,3.946,H,,L,N,4,0,1,1,A,-,01,23152,A,N,F,A,A,A,H,-,D,D,0,,,,,Y,Y,A,07,0,0,1,0,0,0,0,0,0,"- ","- ",36.328281402587891,-119.40508270263672,TULARE,UNINCORPORATED,-119.40510559082031,36.328220367431641
9190504,2020,2020-12-22,5407,2020-10-29,1343,M194,480,4,5,5,5407,0,0,0,,0,011,"MINERAL KING AV",AKERS,612.00,E,N,A,-,Y,TUL,6,198,-,-,7.081,R,4,W,Y,4,0,1,2,A,-,07,21658,A,N,D,-,A,A,H,-,A,D,0,,,,,Y,,A,01,0,0,1,0,0,0,0,0,0,"- ","- ",36.327800750732422,-119.34967803955078,TULARE,VISALIA,-119.34394836425781,36.327381134033203
91905983,2022,2022-10-31,9480,2022-10-27,1500,016995,,4,2,9,5400,0,1,3,,1,040,"STATE ROUTE 216","ROAD 188",0.00,,Y,A,-,Y,TUL,,216,,,10.889,H,,R,Y,4,0,4,3,A,-,03,22350,,N,C,C,A,A,H,-,A,D,0,,,,,Y,,A,01,0,0,4,0,0,0,0,0,0,"- ","- ",36.407451629638672,-119.1527099609375,TULARE,UNINCORPORATED,-119.15271759033203,36.407459259033203
91907403,2022,2022-11-02,9480,2022-11-01,1111,016233,,2,1,5,5407,0,1,3,,1,064,"SR-198 W/B","BEN MADDOX WAY",230.00,W,N,B,-,Y,TUL,,198,,R,10.697,H,,L,N,4,0,1,2,A,-,03,22350,,N,B,C,A,A,H,-,A,D,0,,,,,Y,,A,07,0,0,1,0,0,0,0,0,0,"- ","- ",36.326778411865234,-119.27922821044922,TULARE,VISALIA,-119.27922058105469,36.326831817626953
91908588,2022,2022-11-03,9480,2022-10-29,1445,016995,,6,2,5,5407,0,1,3,,1,064,"STATE ROUTE 198","SANTA FE",500.00,E,N,A,-,Y,TUL,,198,,R,10.317,H,,R,Y,4,0,1,2,A,-,08,22107,,N,C,C,A,A,H,-,A,D,0,,,,,Y,,A,01,0,0,1,0,0,0,0,0,0,"- ","- ",36.327030181884766,-119.28601837158203,TULARE,VISALIA,-119.28601837158203,36.326835632324219
91910023,2022,2022-11-04,9480,2022-10-25,1245,018521,,2,1,9,5400,0,1,3,,1,064,"SR-198 E/B","RD 180",0.00,,Y,A,-,Y,TUL,,198,,R,16.759,H,,R,Y,3,0,3,2,A,-,09,21801,A,N,D,C,A,A,H,-,A,D,0,,,,,Y,,A,01,0,3,0,0,0,0,0,0,0,"- ","- ",36.326400756835938,-119.17079162597656,TULARE,UNINCORPORATED,-119.17078399658203,36.326465606689453
91919451,2022,2022-11-16,9480,2022-10-08,2322,021175,,6,3,5,5407,0,1,3,,1,064,"STATE ROUTE 198","SHIRK ROAD",2640.00,W,N,A,-,Y,TUL,,198,,,5.279,H,,L,Y,1,1,0,1,A,-,01,23152,A,N,F,A,A,A,H,-,D,D,0,,,,,Y,Y,A,01,0,0,0,0,0,0,0,0,0,"- ","- ",36.327381134033203,-119.37626647949219,TULARE,VISALIA,-119.37626647949219,36.327243804931641
91924369,2022,2022-11-22,9480,2022-08-06,2020,016995,,6,2,9,5400,0,1,3,,1,044,"STATE ROUTE 198","EATON ROAD",0.00,,Y,A,-,Y,TUL,,198,,,21.579,H,,R,Y,1,1,0,2,A,-,01,23152,A,N,B,C,A,A,H,-,D,D,0,,,Y,,Y,Y,C,02,0,0,0,0,0,0,0,1,0,"- ","- ",36.325420379638672,-119.08428955078125,TULARE,UNINCORPORATED,-119.08428955078125,36.325439453125
9192861,2020,2020-12-28,5407,2020-11-11,0815,M194,480,3,5,5,5407,0,0,0,,0,012,NOBLE,AKERS,54.00,E,N,A,-,Y,TUL,6,198,-,-,6.589,R,4,E,Y,4,0,1,3,A,-,07,21658,A,N,B,C,A,A,H,-,A,D,0,,,,,Y,,D,22,0,0,1,0,0,0,0,0,0,"- ","- ",,,TULARE,VISALIA,-119.35277557373047,36.327186584472656
91930614,2022,2022-11-30,9480,2022-11-23,1423,016233,,3,2,5,5407,0,1,3,,1,064,"SR-198 E/B","SHIRK RD",2000.00,E,N,A,-,Y,TUL,,198,,,6.187,H,,R,Y,4,0,1,2,A,-,04,21703,,N,C,C,A,A,H,-,A,D,0,,,,,Y,,-,"- ",0,0,1,0,0,0,0,0,0,"- ","- ",36.3271484375,-119.36002349853516,TULARE,VISALIA,-119.36001586914062,36.327053070068359
91930656,2022,2022-12-08,9480,2022-11-25,1158,016233,,5,1,9,5400,0,1,3,,1,044,SR-198,SR-216,749.00,E,N,A,-,Y,TUL,,198,,,28.101,H,,R,Y,1,1,0,2,A,-,03,22350,,N,C,C,A,A,H,-,A,D,0,,,Y,,Y,,C,02,0,0,0,0,0,0,0,1,0,"- ","- ",36.396888732910156,-119.02031707763672,TULARE,UNINCORPORATED,-119.02030944824219,36.396881103515625