CASE_ID,ACCIDENT_YEAR,PROC_DATE,JURIS,COLLISION_DATE,COLLISION_TIME,OFFICER_ID,REPORTING_DISTRICT,DAY_OF_WEEK,CHP_SHIFT,POPULATION,CNTY_CITY_LOC,SPECIAL_COND,BEAT_TYPE,CHP_BEAT_TYPE,CITY_DIVISION_LAPD,CHP_BEAT_CLASS,BEAT_NUMBER,PRIMARY_RD,SECONDARY_RD,DISTANCE,DIRECTION,INTERSECTION,WEATHER_1,WEATHER_2,STATE_HWY_IND,CALTRANS_COUNTY,CALTRANS_DISTRICT,STATE_ROUTE,ROUTE_SUFFIX,POSTMILE_PREFIX,POSTMILE,LOCATION_TYPE,RAMP_INTERSECTION,SIDE_OF_HWY,TOW_AWAY,COLLISION_SEVERITY,NUMBER_KILLED,NUMBER_INJURED,PARTY_COUNT,PRIMARY_COLL_FACTOR,PCF_CODE_OF_VIOL,PCF_VIOL_CATEGORY,PCF_VIOLATION,PCF_VIOL_SUBSECTION,HIT_AND_RUN,TYPE_OF_COLLISION,MVIW,PED_ACTION,ROAD_SURFACE,ROAD_COND_1,ROAD_COND_2,LIGHTING,CONTROL_DEVICE,CHP_ROAD_TYPE,PEDESTRIAN_ACCIDENT,BICYCLE_ACCIDENT,MOTORCYCLE_ACCIDENT,TRUCK_ACCIDENT,NOT_PRIVATE_PROPERTY,ALCOHOL_INVOLVED,STWD_VEHTYPE_AT_FAULT,CHP_VEHTYPE_AT_FAULT,COUNT_SEVERE_INJ,COUNT_VISIBLE_INJ,COUNT_COMPLAINT_PAIN,COUNT_PED_KILLED,COUNT_PED_INJURED,COUNT_BICYCLIST_KILLED,COUNT_BICYCLIST_INJURED,COUNT_MC_KILLED,COUNT_MC_INJURED,PRIMARY_RAMP,SECONDARY_RAMP,LATITUDE,LONGITUDE,COUNTY,CITY,POINT_X,POINT_Y
91932420,2022,2022-12-02,9480,2022-11-25,2259,021249,,5,3,9,5400,0,1,3,,1,064,"STATE ROUTE 198 E/B","ROAD 196",0.00,,Y,A,-,Y,TUL,,198,,R,18.759,H,,R,Y,2,0,7,4,A,-,01,23152,A,N,D,D,A,A,H,-,C,A,0,,,,,Y,Y,D,22,3,4,0,0,0,0,0,0,0,"- ","- ",36.326290130615234,-119.13494110107422,TULARE,UNINCORPORATED,-119.13493347167969,36.326137542724609
91936660,2022,2022-12-07,9480,2022-11-04,2253,021249,,5,3,9,5400,0,1,3,,1,064,"STATE ROUTE 198 WESTBOUND","ROAD 182",0.00,,Y,A,-,Y,TUL,,198,,R,17.016,H,,L,Y,1,1,1,3,A,-,01,23152,A,N,C,C,A,A,H,-,D,D,0,,,,,Y,Y,A,07,0,1,0,0,0,0,0,0,0,"- ","- ",36.326591491699219,-119.16619873046875,TULARE,UNINCORPORATED,-119.16619873046875,36.326595306396484
91943387,2022,2022-12-15,9480,2022-09-23,1830,020890,,5,2,9,5400,0,1,3,,1,064,"STATE ROUTE 198 W/B TO DEMAREE STREET","DEMAREE STREET",528.00,E,N,A,-,Y,TUL,,198,,,7.918,H,,L,Y,1,1,0,3,A,-,03,22350,,F,C,2,A,A,H,-,A,A,0,,,Y,,Y,,D,22,0,0,0,0,0,0,0,1,0,"- ","- ",36.327350616455078,-119.32901000976562,TULARE,UNINCORPORATED,-119.32900238037109,36.327190399169922
91944202,2022,2022-12-16,9480,2022-12-15,2215,016145,,4,3,9,5400,0,1,3,,1,040,SR-216,"ROAD 158",0.00,,Y,A,-,Y,TUL,,216,,,4.311,H,,R,Y,4,0,1,2,A,-,01,23152,A,N,D,C,A,A,H,-,D,A,0,,,,,Y,Y,A,07,0,0,1,0,0,0,0,0,0,"- ","- ",36.349151611328125,-119.22061920166016,TULARE,UNINCORPORATED,-119.22061920166016,36.349136352539062
91946105,2022,2022-12-19,9480,2022-11-02,1628,019349,,3,2,5,5407,0,1,3,,1,064,"STATE ROUTE 198 EASTBOUND","BURKE STREET",845.00,E,N,B,-,Y,TUL,,198,,R,10.640,H,,R,Y,1,1,2,2,A,-,01,23152,A,N,C,C,A,A,H,-,A,D,0,,,Y,,Y,Y,C,02,1,1,0,0,0,0,0,1,1,"- ","- ",36.326759338378906,-119.28024291992188,TULARE,VISALIA,-119.28023529052734,36.3267822265625
91948285,2022,2022-12-21,9480,2022-12-20,1200,016233,,2,1,5,5407,0,1,3,,1,064,"SR-198 E/B TO DEMAREE STREET","NOBLE AVE",29.00,N,N,B,-,Y,TUL,,198,,,7.596,H,,R,Y,4,0,1,2,A,-,03,22350,,N,C,C,A,A,H,-,A,A,0,,,,,Y,,-,"- ",0,0,1,0,0,0,0,0,0,"- ","- ",36.327079772949219,-119.33477020263672,TULARE,VISALIA,-119.33475494384766,36.327266693115234
91951190,2022,2022-12-23,9480,2022-12-15,1040,019349,,4,1,9,5400,0,1,3,,1,034,"STATE ROUTE 198","ROAD 48",0.00,,Y,B,E,Y,TUL,,198,,,0.497,H,,R,Y,3,0,2,2,A,-,09,21802,A,N,D,C,A,A,H,-,A,A,0,,,,,Y,,A,07,0,2,0,0,0,0,0,0,0,"- ","- ",36.327579498291016,-119.46645355224609,TULARE,UNINCORPORATED,-119.46645355224609,36.327579498291016
91954755,2022,2022-12-28,9480,2022-12-19,1730,019543,,1,2,5,5407,0,1,3,,1,064,SR-198,"AKERS ST",2088.00,W,N,A,-,Y,TUL,,198,,,6.358,H,,R,Y,2,0,1,3,A,-,08,22107,,F,B,C,A,A,H,-,D,D,0,,,,,Y,,-,99,1,0,0,0,0,0,0,0,0,"- ","- ",36.327121734619141,-119.35695648193359,TULARE,VISALIA,-119.35695648193359,36.327068328857422
91955372,2022,2022-12-29,9480,2022-12-17,1028,019349,,6,1,9,5400,0,1,3,,1,034,"STATE ROUTE 198","ROAD 44",95.00,E,N,E,-,Y,TUL,,198,,,0.021,H,,R,Y,2,0,5,2,A,-,03,22350,,N,C,C,A,B,H,-,A,D,0,,,,Y,Y,,A,01,4,0,1,0,0,0,0,0,0,"- ","- ",36.327648162841797,-119.47496032714844,TULARE,UNINCORPORATED,-119.47496032714844,36.327617645263672
91960105,2022,2023-01-04,9480,2022-12-30,1418,019048,,5,2,9,5400,0,1,3,,1,040,SR-216,"MILLS DRIVE",402.00,W,N,B,-,Y,TUL,,216,,,4.774,H,,R,N,3,0,2,2,A,-,08,22107,,N,A,C,A,A,H,-,A,D,0,,,,,Y,,A,01,0,2,0,0,0,0,0,0,0,"- ","- ",36.353118896484375,-119.21600341796875,TULARE,UNINCORPORATED,-119.21612548828125,36.353118896484375
91961200,2022,2023-01-05,9480,2022-12-17,1140,016233,,6,1,9,5400,0,1,3,,1,064,"STATE ROUTE 198","STATE ROUTE 65 (ROAD 196)",15.00,W,N,B,E,Y,TUL,,198,,R,18.746,H,,R,Y,4,0,3,3,A,-,12,21453,A,N,C,C,A,A,H,-,A,A,0,,,,,Y,,A,07,0,0,3,0,0,0,0,0,0,"- ","- ",36.326229095458984,-119.13516998291016,TULARE,UNINCORPORATED,-119.13516998291016,36.326133728027344
91976801,2023,2023-01-25,9480,2023-01-24,"855 ",016233,,2,1,5,5407,0,1,3,,1,064,"SR-198 E/B","WOODLAND DR",698.00,W,N,A,-,Y,TUL,,198," ",R,8.373,H,,R,N,4,0,1,2,A,-,07,21658,A,N,B,C,A,A,H,-,A,D,0,,,,,Y,,A,01,0,0,1,0,0,0,0,0,0,"- ","- ",36.327320098876953,-119.32084655761719,TULARE,VISALIA,-119.32084655761719,36.32733154296875
91978762,2023,2023-01-26,9480,2023-01-25,"813 ",016233,,3,1,5,5407,0,1,3,,1,064,"SR-198 W/B","SANTA FE ST",45.00,W,N,A,-,Y,TUL,,198," ",R,10.201,H,,L,N,4,0,1,2,A,-,07,21658,A,N,C,C,A,A,H,-,A,D,0,,,,,Y,,A,01,0,0,1,0,0,0,0,0,0,"- ","- ",36.326980590820312,-119.28807067871094,TULARE,VISALIA,-119.28807067871094,36.326999664306641
91978802,2023,2023-01-26,9480,2023-01-25,"814 ",016233,,3,1,5,5407,0,1,3,,1,064,"SR-198 W/B","SANTA FE ST",40.00,W,N,A,-,Y,TUL,,198," ",R,10.201,H,,L,Y,3,0,1,3,A,-,04,21703,,N,C,C,A,A,H,-,A,D,0,,,,,Y,,A,01,0,1,0,0,0,0,0,0,0,"- ","- ",36.326980590820312,-119.28807067871094,TULARE,VISALIA,-119.28807067871094,36.326999664306641
91981893,2023,2023-01-30,9480,2023-01-22,"131 ",019828,,7,3,5,5407,0,1,3,,1,064,"SR-198 E/B","SHIRK RD.",1584.00,W,N,B,-,Y,TUL,,198," "," ",5.434,H,,R,Y,4,0,1,1,A,-,01,23152,A,N,E,I,A,A,H,-,C,D,0,,,,,Y,Y,A,01,0,0,1,0,0,0,0,0,0,"- ","- ",36.327159881591797,-119.37351989746094,TULARE,VISALIA,-119.37351989746094,36.327117919921875
91984778,2023,2023-02-02,9480,2023-01-24,2230,018421,,2,3,5,5407,0,1,3,,1,064,"SR-198 E/B","BEN MADDOX WAY",350.00,W,N,A,-,Y,TUL,,198," ",R,10.654,H,,R,Y,3,0,1,1,A,-,01,23152,A,N,E,I,A,A,H,-,D,D,0,,,,,Y,Y,A,01,0,1,0,0,0,0,0,0,0,"- ","- ",36.326690673828125,-119.27998352050781,TULARE,VISALIA,-119.27996826171875,36.326759338378906
91989821,2023,2023-02-08,9480,2023-02-03,1127,016723,,5,1,9,5400,0,1,3,,1,064,"STATE ROUTE 198 WESTBOUND","ROAD 156",1848.00,E,N,A,-,Y,TUL,,198," ",R,14.106,H,,L,Y,4,0,2,2,A,-,08,22107,,N,C,C,A,A,D,-,A,D,0,,,,,Y,,A,01,0,0,2,0,0,0,0,0,0,"- ","- ",36.326908111572266,-119.21833038330078,TULARE,UNINCORPORATED,-119.21833038330078,36.326908111572266
91991626,2023,2023-02-10,9480,2023-02-02,2159,019427,,4,2,5,5407,0,1,3,,1,064,"STATE ROUTE 198 (WESTBOUND)","CONYER STREET",400.00,W,N,A,-,Y,TUL,,198," ",R,9.376,H,,R,N,3,0,2,2,A,-,01,23152,A,M,C,C,A,A,H,-,D,D,0,,,,,Y,Y,D,22,0,1,1,0,0,0,0,0,0,"- ","- ",36.327049255371094,-119.30287933349609,TULARE,VISALIA,-119.30287933349609,36.326854705810547
91996404,2023,2023-02-16,9480,2023-02-05,1800,016995,,7,2,9,5400,0,1,3,,1,044,"STATE ROUTE 198","MEHRTEN DR",150.00,E,N,B,-,Y,TUL,,198," "," ",23.782,H,,R,N,2,0,1,2,A,-,03,22350,,N,D,C,A,A,H,-,D,D,0,,,Y,,Y,,C,02,1,0,0,0,0,0,0,0,1,"- ","- ",36.345859527587891,-119.05695343017578,TULARE,UNINCORPORATED,-119.05693054199219,36.345836639404297
92011600,2023,2023-03-07,9480,2023-02-25,"15  ",020450,,6,3,9,5400,0,1,3,,1,064,"SR-198 E/B","ROAD 180",426.00,E,N,C,-,Y,TUL,,198," ",R,16.842,H,,R,Y,2,0,1,1,A,-,01,23152,A,N,E,8,A,B,H,-,D,D,0,,,,,Y,Y,A,01,1,0,0,0,0,0,0,0,0,"- ","- ",36.326419830322266,-119.1693115234375,TULARE,UNINCORPORATED,-119.1693115234375,36.326457977294922
92013957,2023,2023-03-09,9480,2023-03-03,"755 ",016233,,5,1,5,5407,0,1,3,,1,064,"SR-198 W/B","LINDWOOD ST.",262.00,W,N,A,-,Y,TUL,,198," "," ",7.195,H,,L,N,4,0,1,2,A,-,03,22350,,N,C,C,A,A,H,-,A,D,0,,,,,Y,,A,07,0,0,1,0,0,0,0,0,0,"- ","- ",36.327510833740234,-119.34201049804688,TULARE,VISALIA,-119.34201049804688,36.327510833740234
92016603,2023,2023-03-13,9480,2023-03-05,1552,019543,,7,2,9,5400,0,1,3,,1,034,"SR-198 W/B","ROAD 52",10.00,W,N,C,F,Y,TUL,,198," "," ",0.993,H,,L,Y,4,0,3,1,A,-,03,22350,,N,E,I,A,B,G,-,B,D,0,,,,,Y,,A,07,0,0,3,0,0,0,0,0,0,"- ","- ",36.327949523925781,-119.45751190185547,TULARE,UNINCORPORATED,-119.45751190185547,36.327808380126953
92016641,2023,2023-03-13,9480,2023-03-05,1600,016995,,7,2,9,5400,0,1,3,,1,044,"STATE ROUTE 198 W/B","ROAD 60",800.00,E,N,C,-,Y,TUL,,198," "," ",2.169,H,,L,Y,4,0,2,2,A,-,03,22350,,N,B,C,A,C,H,-,A,D,0,,,,,Y,,D,22,0,0,2,0,0,0,0,0,0,"- ","- ",36.327640533447266,-119.43657684326172,TULARE,UNINCORPORATED,-119.43658447265625,36.327590942382812
92036999,2023,2023-04-04,9480,2023-03-31,"743 ",016723,,5,1,5,5407,0,1,3,,1,064,"STATE ROUTE 198","BURKE STREET",131.00,E,N,A,-,Y,TUL,,198," ",R,10.505,H,,R,Y,4,0,2,2,A,-,03,22350,,N,C,D,A,A,H,-,A,D,0,,,,,Y,,A,08,0,0,2,0,0,0,0,0,0,"- ","- ",36.326999664306641,-119.28267669677734,TULARE,VISALIA,-119.28268432617188,36.326847076416016
92040400,2023,2023-04-10,9480,2023-04-04,1738,019048,,2,2,5,5407,0,1,3,,1,064,"SR-198 E/B","PLAZA DR",485.00,E,N,A,-,Y,TUL,,198," ",R,5.041,H,,R,N,3,0,2,2,A,-,03,22350,,N,C,C,A,A,H,-,A,D,0,,,,,Y,,D,22,0,1,1,0,0,0,0,0,0,"- ","- ",36.327098846435547,-119.38562774658203,TULARE,VISALIA,-119.38562774658203,36.327098846435547
9204082,2020,2021-03-01,5407,2020-11-22,1832,C55,480,7,5,5,5407,0,0,0,,0,P33,"NOBLE AV","RT 198",0.00,,Y,A,-,Y,TUL,6,198,-,R,10.950,R,4,E,N,3,0,1,2,A,-,04,21703,,M,C,C,A,A,H,-,A,A,0,,,,,Y,,A,01,0,1,0,0,0,0,0,0,0,"- ",EO,36.325199127197266,-119.27644348144531,TULARE,VISALIA,-119.27476501464844,36.326366424560547
92041891,2023,2023-05-31,9480,2023-04-02,"510 ",018421,,7,3,9,5400,0,1,3,,1,064,"SR-198 E/B","SHIRK RD",1320.00,W,N,A,-,Y,TUL,,198," "," ",5.496,H,,R,Y,3,0,3,1,A,-,03,22350,,N,E,8,A,A,H,-,C,D,0,,,,,Y,,E,22,0,2,1,0,0,0,0,0,0,"- ","- ",36.327011108398438,-119.37239837646484,TULARE,UNINCORPORATED,-119.37239837646484,36.327117919921875
92044708,2023,2023-04-14,9480,2023-04-02,2053,020890,,7,2,5,5407,0,1,3,,1,064,"STATE ROUTE 198 (EASTBOUND)","BURKE ST OVERCROSS",528.00,W,N,A,-,Y,TUL,,198," ",R,10.369,H,,R,N,2,0,1,2,A,-,05,21651,A,N,A,G,A,A,H,-,D,D,0,,Y,,,Y,,L,04,1,0,0,0,0,0,1,0,0,"- ","- ",36.326808929443359,-119.28510284423828,TULARE,VISALIA,-119.28510284423828,36.326839447021484
92045246,2023,2023-04-14,9480,2023-04-12,"535 ",016046,,3,3,5,5407,0,1,3,,1,064,"SR-198 W/B FROM MINERAL KING AVENUE","BEN MADDOX WAY",581.00,E,N,A,-,Y,TUL,,198," ",R,10.862,H,,L,N,3,0,1,1,A,-,08,22107,,N,F,A,A,A,H,-,D,D,0,,,Y,,Y,,C,02,0,1,0,0,0,0,0,0,1,"- ","- ",36.326698303222656,-119.27622222900391,TULARE,VISALIA,-119.27623748779297,36.326515197753906
92047511,2023,2023-04-18,9480,2023-04-08,"210 ",019828,,6,3,5,5407,0,1,3,,1,064,"SR-198 E/B","BURKE ST.",528.00,W,N,B,-,Y,TUL,,198," ",R,10.335,H,,R,Y,4,0,2,2,A,-,01,23152,A,N,C,C,A,A,H,-,D,D,0,,,,,Y,Y,A,01,0,0,2,0,0,0,0,0,0,"- ","- ",36.326820373535156,-119.28569030761719,TULARE,VISALIA,-119.28569030761719,36.326835632324219
92047525,2023,2023-04-18,9480,2023-04-09,1915,019349,,7,2,9,5400,0,1,3,,1,034,"STATE ROUTE 198","ROAD 52",0.00,,Y,A,-,Y,TUL,,198," "," ",0.997,H,,L,Y,3,0,3,2,A,-,09,21802,A,N,D,C,A,A,H,-,B,A,0,,,,,Y,,A,01,0,3,0,0,0,0,0,0,0,"- ","- ",36.327781677246094,-119.45745086669922,TULARE,UNINCORPORATED,-119.45745086669922,36.327808380126953
92047683,2023,2023-04-18,9480,2023-04-01,2016,020837,,6,2,9,5400,0,1,3,,1,064,"STATE ROUTE 198 EASTBOUND","ROAD 196",1109.00,W,N,A,-,Y,TUL,,198," ",R,18.518,H,,R,Y,1,1,0,1,A,-,01,23152,A,N,E,8,A,A,H,-,D,D,0,,,,,Y,Y,A,01,0,0,0,0,0,0,0,0,0,"- ","- ",36.326148986816406,-119.13925933837891,TULARE,UNINCORPORATED,-119.13925933837891,36.326114654541016
92047792,2023,2023-04-18,9480,2023-04-14,1540,020837,,5,2,9,5400,0,1,3,,1,064,"STATE ROUTE 198 EASTBOUND","PLAZA DRIVE",1848.00,W,N,A,-,Y,TUL,,198," ",R,4.430,H,,R,Y,4,0,2,2,A,-,03,22350,,N,F,0,A,A,H,-,A,D,0,,,Y,,Y,,C,02,0,0,2,0,0,0,0,0,0,"- ","- ",36.327140808105469,-119.39663696289062,TULARE,UNINCORPORATED,-119.39663696289062,36.327190399169922
92052776,2023,2023-04-25,9480,2023-04-18,1058,016046,,2,1,9,5400,0,1,3,,1,064,"STATE ROUTE 198 (EASTBOUND)","MOONEY BLVD.",686.00,E,N,A,-,Y,TUL,,198," ",R,8.904,H,,R,Y,3,0,1,1,A,-,08,22107,,N,F,A,A,A,H,-,A,D,0,,,,,Y,,D,22,0,1,0,0,0,0,0,0,0,"- ","- ",36.326930999755859,-119.31137847900391,TULARE,UNINCORPORATED,-119.31137847900391,36.326908111572266
92053182,2023,2023-04-25,9480,2023-04-21,1730,019048,,5,2,5,5407,0,1,3,,1,064,"SR-198 E/B","MOONEY BLVD",400.00,E,N,A,-,Y,TUL,,198," ",R,8.816,H,,R,N,4,0,1,2,A,-,03,22350,,N,C,C,A,A,H,-,A,D,0,,,,,Y,,A,01,0,0,1,0,0,0,0,0,0,"- ","- ",36.326900482177734,-119.31295776367188,TULARE,VISALIA,-119.31295776367188,36.326908111572266
92056931,2023,2023-04-28,9480,2023-04-27,1628,019048,,4,2,9,5400,0,1,3,,1,064,"SR-198 E/B","PLAZA DR",1056.00,W,N,A,-,Y,TUL,,198," ",R,4.455,H,,R,N,4,0,1,2,A,-,03,22350,,N,C,C,A,A,H,-,A,D,0,,,,,Y,,A,01,0,0,1,0,0,0,0,0,0,"- ","- ",36.327171325683594,-119.39617919921875,TULARE,UNINCORPORATED,-119.39617919921875,36.327194213867188
92062221,2023,2023-05-05,9480,2023-05-04,1535,020837,,4,2,5,5407,0,1,3,,1,064,"STATE ROUTE 198 EASTBOUND","DEMAREE STREET",800.00,W,N,A,-,Y,TUL,,198," "," ",7.604,H,,R,N,4,0,1,2,A,-,03,22350,,N,C,C,A,A,H,-,A,A,0,,,,,Y,,D,22,0,0,1,0,0,0,0,0,0,"- ","- ",36.327079772949219,-119.33461761474609,TULARE,VISALIA,-119.33460998535156,36.327259063720703
92062447,2023,2023-05-05,9480,2023-04-29,1020,016723,,6,1,5,5407,0,1,3,,1,064,"STATE ROUTE 198","BEN MADDOX WAY",390.00,W,N,A,-,Y,TUL,,198," ",R,10.648,H,,R,Y,3,0,1,2,A,-,03,22350,,N,C,C,A,A,H,-,A,D,0,,,Y,,Y,,C,02,0,1,0,0,0,0,0,0,1,"- ","- ",36.326740264892578,-119.28009033203125,TULARE,VISALIA,-119.28009033203125,36.326766967773438
92063652,2022,2023-05-08,9480,2022-06-28,1546,019349,,2,2,5,5407,0,1,3,,1,064,"STATE ROUTE 198 EASTBOUND","STATE ROUTE 63 (MOONEY BOULEVARD)",95.00,W,N,A,-,Y,TUL,,198,,R,8.733,H,,R,Y,1,1,0,2,A,-,08,22107,,N,C,C,A,A,H,-,A,D,0,,,,Y,Y,,A,01,0,0,0,0,0,0,0,0,0,"- ","- ",36.326881408691406,-119.31446075439453,TULARE,VISALIA,-119.31446075439453,36.326896667480469
92063692,2023,2023-05-08,9480,2023-05-03,1525,019048,,3,2,9,5400,0,1,3,,1,044,SR-198,"DEER CANYON RD",581.00,S,N,A,-,Y,TUL,,198," "," ",41.490,H,,R,N,2,0,1,1,A,-,01,23152,A,N,F,A,A,A,H,-,A,D,0,,,,,Y,Y,A,01,1,0,0,0,0,0,0,0,0,"- ","- ",36.462440490722656,-118.87030029296875,TULARE,UNINCORPORATED,-118.87028503417969,36.462440490722656
92064749,2023,2023-05-09,9480,2023-05-06,1215,016233,,6,1,5,5407,0,1,3,,1,064,"SR-198 E/B","PLAZA DR",655.00,E,N,A,-,Y,TUL,,198," ",R,5.065,H,,R,N,4,0,1,2,A,-,07,21658,A,N,B,C,A,A,H,-,A,D,0,,,,,Y,,A,01,0,0,1,0,0,0,0,0,0,"- ","- ",36.327098846435547,-119.38520812988281,TULARE,VISALIA,-119.38520812988281,36.327098846435547
92066068,2023,2023-05-10,9480,2023-05-08,1545,018202,,1,2,9,5400,0,1,3,,1,044,"SR-198 W/B",SR-65,528.00,E,N,A,-,Y,TUL,,198," ",R,18.894,H,,L,N,4,0,1,2,A,-,03,22350,,N,C,C,A,A,H,-,A,D,0,,,,,Y,,A,07,0,0,1,0,0,0,0,0,0,"- ","- ",36.326320648193359,-119.13250732421875,TULARE,UNINCORPORATED,-119.13250732421875,36.326316833496094
92076504,2023,2023-05-24,9480,2023-05-20,"530 ",018202,,6,3,9,5400,0,1,3,,1,044,"SR-198 W/B",SR-216,1584.00,W,N,A,-,Y,TUL,,198," "," ",27.666,H,,L,Y,4,0,1,1,A,-,01,23153,A,N,E,I,A,A,H,-,B,D,0,,,,,Y,Y,A,01,0,0,1,0,0,0,0,0,0,"- ","- ",36.391040802001953,-119.02240753173828,TULARE,UNINCORPORATED,-119.02228546142578,36.391040802001953
92081305,2023,2023-05-30,9480,2023-05-25,"830 ",016723,,4,1,9,5400,0,1,3,,1,064,"STATE ROUTE 198","ROAD 204 (SPRUCE ROAD)",55.00,W,N,A,-,Y,TUL,,198," ",R,19.757,H,,R,N,4,0,1,2,A,-,21,22106,,N,C,C,A,A,H,-,A,A,0,,,,,Y,,A,07,0,0,1,0,0,0,0,0,0,"- ","- ",36.325691223144531,-119.11704254150391,TULARE,UNINCORPORATED,-119.11703491210938,36.325748443603516
92082453,2023,2023-05-31,9480,2023-05-30,1040,018202,,2,1,9,5400,0,1,3,,1,040,"SR-216 E/B","RD 182",0.00,,Y,B,-,Y,TUL,,216," "," ",10.018,H,,R,Y,3,0,1,2,A,-,09,21802,A,N,C,C,A,A,H,-,A,A,0,,,,,Y,,D,22,0,1,0,0,0,0,0,0,0,"- ","- ",36.4010009765625,-119.16602325439453,TULARE,UNINCORPORATED,-119.16603088378906,36.401016235351562
92090032,2023,2023-06-09,9480,2023-06-08,1700,020890,,4,2,9,5400,0,1,3,,1,064,"STATE ROUTE 198 (EASTBOUND)","FARMERSVILLE BLVD",200.00,E,N,A,-,Y,TUL,,198," ",R,14.726,H,,R,N,4,0,2,2,A,-,03,22350,,N,C,C,A,A,H,-,A,D,0,,,,,Y,,A,01,0,0,2,0,0,0,0,0,0,"- ","- ",36.326679229736328,-119.20722198486328,TULARE,UNINCORPORATED,-119.20722198486328,36.326663970947266
92090300,2023,2023-06-09,9480,2023-06-04,"910 ",016723,,7,1,9,5400,0,1,3,,1,040,"STATE ROUTE 216","EL RIO ROAD",450.00,S,N,A,-,Y,TUL,,216," "," ",4.958,H,,R,Y,4,0,1,1,A,-,08,22107,,N,E,8,A,A,H,-,A,D,0,,,,,Y,,A,01,0,0,1,0,0,0,0,0,0,"- ","- ",36.355930328369141,-119.2161865234375,TULARE,UNINCORPORATED,-119.21619415283203,36.355930328369141
92090410,2023,2023-06-09,9480,2023-06-07,"448 ",017452,,3,3,9,5400,0,1,3,,1,064,"SR-198 E/B","ROAD 180",4066.00,W,N,B,C,Y,TUL,,198," ",R,15.997,H,,R,Y,3,0,3,2,A,-,08,22107,,N,E,I,E,B,B,-,D,D,0,Y,,,,Y,,A,01,0,1,2,0,1,0,0,0,0,"- ","- ",36.326679229736328,-119.1845703125,TULARE,UNINCORPORATED,-119.1845703125,36.326717376708984
92091276,2023,2023-06-12,9480,2023-06-03,1440,016995,,6,2,9,5400,0,1,3,,1,044,"STATE ROUTE 198 (WESTBOUND)","DINELY DRIVE",50.00,E,N,A,-,Y,TUL,,198," "," ",40.911,H,,R,N,4,0,1,2,A,-,03,22350,,N,C,C,A,A,H,-,A,D,0,,,,,Y,,A,01,0,0,1,0,0,0,0,0,0,"- ","- ",36.457801818847656,-118.87728118896484,TULARE,UNINCORPORATED,-118.87728118896484,36.457790374755859
92092660,2023,2023-06-13,9480,2023-06-08,1701,017311,,4,2,9,5400,0,1,3,,1,064,"STATE ROUTE 198","FARMERSVILLE BLVD",528.00,E,N,A,-,Y,TUL,,198," ",R,14.759,H,,R,N,3,0,1,2,A,-,03,22350,,N,C,C,A,A,H,-,A,D,0,,,,,Y,,A,01,0,1,0,0,0,0,0,0,0,"- ","- ",36.326629638671875,-119.20662689208984,TULARE,UNINCORPORATED,-119.20662689208984,36.326656341552734
92093462,2023,2023-06-14,9480,2023-06-09,1522,021249,,5,2,9,5400,0,1,3,,1,034,"SR-198 W/B","ROAD 64",0.00,,Y,A,-,Y,TUL,,198," "," ",2.471,H,,L,Y,4,0,2,2,A,-,09,21800,A,N,D,C,A,A,H,-,A,A,0,,,,,Y,,A,01,0,0,2,0,0,0,0,0,0,"- ","- ",36.327590942382812,-119.43115234375,TULARE,UNINCORPORATED,-119.43115234375,36.327537536621094
92097634,2023,2023-06-20,9480,2023-06-13,1714,019048,,2,2,9,5400,0,1,3,,1,064,"SR-198 E/B",SR-65,100.00,E,N,A,-,Y,TUL,,198," ",R,18.914,H,,R,N,3,0,2,4,A,-,01,23152,A,N,C,C,A,A,H,-,A,A,0,,,,,Y,Y,A,01,0,1,1,0,0,0,0,0,0,"- ","- ",36.326278686523438,-119.13215637207031,TULARE,UNINCORPORATED,-119.13215637207031,36.326187133789062
92099833,2023,2023-06-22,9480,2023-06-09,1040,016723,,5,1,5,5407,0,1,3,,1,064,"SR-198 E/B TO LOVERS LN (OFF RAMP)","LOVERS LANE",520.00,W,N,A,-,Y,TUL,,198," ",R,11.622,H,,R,Y,4,0,1,3,A,-,03,22350,,N,B,C,A,A,H,-,A,A,0,,,,,Y,,A,01,0,0,1,0,0,0,0,0,0,"- ","- ",36.327228546142578,-119.26271057128906,TULARE,VISALIA,-119.26274108886719,36.327442169189453
92104106,2023,2023-06-28,9480,2023-06-20,2218,017291,,2,3,9,5400,0,1,3,,1,064,"STATE ROUTE 198 WESTBOUND","STATE ROUTE 99",1320.00,E,N,A,-,Y,TUL,,198," ",R,4.134,H,,L,N,2,0,1,1,A,-,08,22107,,N,F,A,A,A,H,-,D,D,0,,,Y,,Y,,C,02,1,0,0,0,0,0,0,0,1,"- ","- ",36.3272705078125,-119.40193176269531,TULARE,UNINCORPORATED,-119.40192413330078,36.327358245849609