CASE_ID,ACCIDENT_YEAR,PROC_DATE,JURIS,COLLISION_DATE,COLLISION_TIME,OFFICER_ID,REPORTING_DISTRICT,DAY_OF_WEEK,CHP_SHIFT,POPULATION,CNTY_CITY_LOC,SPECIAL_COND,BEAT_TYPE,CHP_BEAT_TYPE,CITY_DIVISION_LAPD,CHP_BEAT_CLASS,BEAT_NUMBER,PRIMARY_RD,SECONDARY_RD,DISTANCE,DIRECTION,INTERSECTION,WEATHER_1,WEATHER_2,STATE_HWY_IND,CALTRANS_COUNTY,CALTRANS_DISTRICT,STATE_ROUTE,ROUTE_SUFFIX,POSTMILE_PREFIX,POSTMILE,LOCATION_TYPE,RAMP_INTERSECTION,SIDE_OF_HWY,TOW_AWAY,COLLISION_SEVERITY,NUMBER_KILLED,NUMBER_INJURED,PARTY_COUNT,PRIMARY_COLL_FACTOR,PCF_CODE_OF_VIOL,PCF_VIOL_CATEGORY,PCF_VIOLATION,PCF_VIOL_SUBSECTION,HIT_AND_RUN,TYPE_OF_COLLISION,MVIW,PED_ACTION,ROAD_SURFACE,ROAD_COND_1,ROAD_COND_2,LIGHTING,CONTROL_DEVICE,CHP_ROAD_TYPE,PEDESTRIAN_ACCIDENT,BICYCLE_ACCIDENT,MOTORCYCLE_ACCIDENT,TRUCK_ACCIDENT,NOT_PRIVATE_PROPERTY,ALCOHOL_INVOLVED,STWD_VEHTYPE_AT_FAULT,CHP_VEHTYPE_AT_FAULT,COUNT_SEVERE_INJ,COUNT_VISIBLE_INJ,COUNT_COMPLAINT_PAIN,COUNT_PED_KILLED,COUNT_PED_INJURED,COUNT_BICYCLIST_KILLED,COUNT_BICYCLIST_INJURED,COUNT_MC_KILLED,COUNT_MC_INJURED,PRIMARY_RAMP,SECONDARY_RAMP,LATITUDE,LONGITUDE,COUNTY,CITY,POINT_X,POINT_Y
92388716,2024,2024-08-14,9480,2024-05-04,1435,016995,,6,2,9,5400,0,1,3,,1,064,"STATE ROUTE 198","ROAD 204",1056.00,W,N,B,-,Y,TUL,,198," ",R,19.602,H,,R,Y,4,0,2,3,A,-,03,22350,,N,C,C,A,A,H,-,A,D,0,,,,,Y,,A,01,0,0,2,0,0,0,0,0,0,"- ","- ",36.325790405273438,-119.11981964111328,TULARE,UNINCORPORATED,-119.11981964111328,36.325813293457031
92396453,2024,2024-05-22,9480,2024-05-12,"505 ",019828,,7,3,5,5407,0,1,3,,1,064,"SR-198 E/B","BEN MADDOX WAY",250.00,W,N,A,-,Y,TUL,,198," ",R,10.681,H,,R,Y,3,0,1,1,A,-,01,23152,A,N,E,I,A,A,H,-,D,D,0,,,,,Y,Y,A,01,0,1,0,0,0,0,0,0,0,"- ","- ",36.326641082763672,-119.27951049804688,TULARE,VISALIA,-119.27949523925781,36.326709747314453
92398363,2024,2024-05-24,9480,2024-05-15,2130,019186,,3,2,9,5400,0,1,3,,1,044,SR-198,"ROAD 204",1003.00,E,N,A,-,Y,TUL,,198," "," ",19.958,H,,R,Y,3,0,1,1,A,-,01,23152,A,N,E,8,A,A,H,-,D,D,0,,,,,Y,Y,A,01,0,1,0,0,0,0,0,0,0,"- ","- ",36.325778961181641,-119.11341094970703,TULARE,UNINCORPORATED,-119.11341094970703,36.325813293457031
92401988,2024,2024-05-30,9480,2024-05-17,1525,016995,,5,2,9,5400,0,1,3,,1,040,"STATE ROUTE 216","AVENUE 336",0.00,,Y,A,-,Y,TUL,,216," "," ",9.805,H,,R,Y,3,0,3,2,A,-,09,21802,A,N,D,C,A,A,H,-,A,A,0,,,,,Y,,A,01,0,1,2,0,0,0,0,0,0,"- ","- ",36.399391174316406,-119.16934204101562,TULARE,UNINCORPORATED,-119.16935729980469,36.399410247802734
92405941,2024,2024-06-04,9480,2024-06-03,2047,018521,,1,2,9,5400,0,1,3,,1,044,"SR-198 W/B","NORTH FORK DR",62.00,E,N,A,-,Y,TUL,,198," "," ",38.506,H,,L,N,4,0,1,2,A,-,08,22107,,F,B,C,A,A,H,-,D,D,0,,,,,Y,,-,99,0,0,1,0,0,0,0,0,0,"- ","- ",36.43798828125,-118.90538024902344,TULARE,UNINCORPORATED,-118.90534973144531,36.437980651855469
92407707,2024,2024-06-06,9480,2024-05-21,1820,019186,,2,2,5,5407,0,1,3,,1,064,"SR-198 W/B","BEN MADDOX WAY",630.00,E,N,A,-,Y,TUL,,198," ",R,10.874,H,,L,Y,4,0,1,1,A,-,01,23152,A,N,E,I,A,A,H,-,A,D,0,,,,,Y,Y,D,22,0,0,1,0,0,0,0,0,0,"- ","- ",36.326759338378906,-119.2760009765625,TULARE,VISALIA,-119.27602386474609,36.326503753662109
92411910,2024,2024-06-11,9480,2024-06-09,1622,019048,,7,2,9,5400,0,1,3,,1,044,SR-198,"EGGERS DR",400.00,E,N,A,-,Y,TUL,,198," "," ",39.177,H,,R,N,4,0,1,2,A,-,09,21801,A,N,D,C,A,A,H,-,A,D,0,,,,,Y,,A,01,0,0,1,0,0,0,0,0,0,"- ","- ",36.447170257568359,-118.90151977539062,TULARE,UNINCORPORATED,-118.90154266357422,36.447177886962891
92415930,2024,2024-06-17,9480,2024-05-30,2020,020450,,4,2,9,5400,0,1,3,,1,034,SR-198,"PIERCE DRIVE",1637.00,W,N,A,-,Y,TUL,,198," "," ",35.871,H,,R,Y,4,0,1,1,A,-,01,23152,A,N,E,I,A,A,H,-,B,D,0,,,,,Y,Y,A,01,0,0,1,0,0,0,0,0,0,"- ","- ",36.411800384521484,-118.93443298339844,TULARE,UNINCORPORATED,-118.93442535400391,36.411754608154297
92416126,2024,2024-06-17,9480,2024-06-08,1315,016995,,6,1,5,5407,0,1,3,,1,064,"SR-198 E/B TO CENTRAL VISALIA (OFFRAMP)","WEST ST",200.00,W,N,A,-,Y,TUL,,198," ",R,9.651,H,,R,Y,4,0,1,2,A,-,03,22350,,N,C,C,A,A,H,-,A,A,0,,,,,Y,,D,22,0,0,1,0,0,0,0,0,0,"- ","- ",36.326591491699219,-119.2979736328125,TULARE,VISALIA,-119.2979736328125,36.32684326171875
92418531,2024,2024-06-19,9480,2024-06-15,"645 ",020837,,6,1,9,5400,0,1,3,,1,034,"STATE ROUTE 198 WESTBOUND","ROAD 64",450.00,W,N,A,-,Y,TUL,,198," "," ",2.418,H,,L,Y,4,0,2,2,A,-,03,22350,,N,C,C,A,A,H,-,A,D,0,,,,,Y,,A,01,0,0,2,0,0,0,0,0,0,"- ","- ",36.327571868896484,-119.43209838867188,TULARE,UNINCORPORATED,-119.43209838867188,36.327548980712891
92421614,2024,2024-06-24,9480,2024-06-14,2330,022328,,5,3,9,5400,0,1,3,,1,064,"E/B SR-198","LOVERS LANE",1848.00,W,N,A,-,Y,TUL,,198," ",R,11.278,H,,R,Y,2,0,1,1,A,-,01,23152,G,N,E,I,A,A,H,-,C,D,0,,,,,Y,Y,D,22,1,0,0,0,0,0,0,0,0,"- ","- ",36.326789855957031,-119.26882934570312,TULARE,UNINCORPORATED,-119.26883697509766,36.326808929443359
92423840,2024,2024-06-26,9480,2024-06-18,1520,017713,,2,2,5,5407,0,1,3,,1,064,"SR-198 E/B","WATSON ST.",7.00,E,N,A,-,Y,TUL,,198," ",R,9.850,H,,R,Y,3,0,1,1,A,-,01,23152,A,N,E,I,A,A,H,-,A,D,0,,,,,Y,Y,A,07,0,1,0,0,0,0,0,0,0,"- ","- ",36.326869964599609,-119.29441070556641,TULARE,VISALIA,-119.29441070556641,36.32684326171875
92428288,2024,2024-07-02,9480,2024-06-24,1613,017713,,1,2,9,5400,0,1,3,,1,064,SR-198,SR-216,0.00,,Y,A,-,Y,TUL,,198," "," ",27.958,H,,R,Y,3,0,3,3,A,-,03,22350,,N,C,C,A,A,H,-,A,D,0,,,,,Y,,D,22,0,3,0,0,0,0,0,0,0,"- ","- ",36.395210266113281,-119.02181243896484,TULARE,UNINCORPORATED,-119.02182769775391,36.395217895507812
92431545,2024,2024-07-05,9480,2024-06-27,1630,017713,,4,2,9,5400,0,3,5,,2,004,SR-198,"MINERAL KING RD",3960.00,E,N,A,-,Y,TUL,,198," "," ",42.915,H,,R,Y,3,0,1,1,A,-,08,22107,,N,E,I,A,A,H,-,A,D,0,,,,,Y,,-,"- ",0,1,0,0,0,0,0,0,0,"- ","- ",36.472690582275391,-118.85491943359375,TULARE,UNINCORPORATED,-118.85493469238281,36.472713470458984
92433158,2024,2024-07-08,9480,2024-07-01,"629 ",019048,,1,1,9,5400,0,1,3,,1,040,SR-216,"EL RIO DRIVE",1056.00,E,N,A,-,Y,TUL,,216," "," ",5.301,H,,R,N,4,0,1,2,A,-,03,22350,,N,D,C,A,A,H,-,A,D,0,,,,,Y,,A,01,0,0,1,0,0,0,0,0,0,"- ","- ",36.36090087890625,-119.21613311767578,TULARE,UNINCORPORATED,-119.21611022949219,36.36090087890625
92436475,2024,2024-07-11,9480,2024-07-06,1124,019932,,6,1,9,5400,0,1,3,,1,040,"SR-216 (LOMITAS DRIVE)","DRY CREEK DRIVE",2112.00,W,N,A,-,Y,TUL,,216," "," ",18.206,H,,R,N,3,0,1,1,A,-,03,22350,,N,E,I,A,A,H,-,A,D,0,,,,,Y,,D,22,0,1,0,0,0,0,0,0,0,"- ","- ",36.402118682861328,-119.03697967529297,TULARE,UNINCORPORATED,-119.03695678710938,36.402153015136719
92441971,2024,2024-07-17,9480,2024-07-14,1130,021628,,7,1,5,5407,0,1,3,,1,064,"STATE ROUTE 198","SHIRK ROAD",100.00,W,N,A,-,Y,TUL,,198," "," ",5.736,H,,R,N,3,0,1,2,A,-,03,22350,,N,C,C,A,A,H,-,A,D,0,,,Y,,Y,,C,02,0,1,0,0,0,0,0,0,1,"- ","- ",36.327251434326172,-119.36811828613281,TULARE,VISALIA,-119.36811828613281,36.327106475830078
92799770,2024,2024-07-26,9480,2024-05-23,"20  ",016995,,4,3,9,5400,0,1,3,,1,044,"STATE ROUTE 198 (SIERRA DRIVE)","SUNSET DRIVE",1584.00,W,N,A,-,Y,TUL,,198," "," ",40.162,H,,R,Y,1,1,0,1,A,-,01,23152,G,N,E,8,A,A,H,-,D,D,0,,,Y,,Y,Y,C,02,0,0,0,0,0,0,0,1,0,"- ","- ",36.454071044921875,-118.88797760009766,TULARE,UNINCORPORATED,-118.88803863525391,36.454135894775391
92801687,2024,2024-07-29,9480,2024-07-19,2124,022376,,5,2,5,5407,0,1,3,,1,064,"SR-198 WB","MOONEY BLVD",800.00,W,N,A,-,Y,TUL,,198," ",R,8.606,H,,L,Y,3,0,1,1,A,-,01,23152,A,N,F,A,A,A,H,-,D,D,0,,,,,Y,Y,A,01,0,1,0,0,0,0,0,0,0,"- ","- ",36.327259063720703,-119.31668853759766,TULARE,VISALIA,-119.31669616699219,36.327220916748047
9301220,2021,2021-08-17,5407,2021-06-30,1529,C51,480,3,5,5,5407,0,0,0,,0,026,"RT 65","N LOVERS LN",88.00,E,N,A,-,Y,TUL,6,216,-,-,2.070,H,-,W,Y,4,0,2,2,A,-,03,22350,,N,C,C,A,A,H,-,A,A,0,,,,,Y,,A,01,0,0,2,0,0,0,0,0,0,"- ","- ",36.341960906982422,-119.260986328125,TULARE,VISALIA,-119.25814056396484,36.341995239257812
9301224,2021,2021-08-17,5407,2021-06-21,1130,M226,480,1,5,5,5407,0,0,0,,0,033,"RT 63","S WATSON ST",0.00,,Y,A,-,Y,TUL,6,198,-,R,9.530,R,4,E,Y,4,0,1,2,A,-,12,21457,A,N,D,C,A,A,H,-,A,A,0,,,,,Y,,-,"- ",0,0,1,0,0,0,0,0,0,"- ","- ",36.326431274414062,-119.29602813720703,TULARE,VISALIA,-119.30012512207031,36.326919555664062
93271687,2024,2024-08-01,9480,2024-07-26,1520,019932,,5,2,5,5407,0,1,3,,1,064,"STATE ROUTE 198 E/B","CONYER ST",800.00,W,N,A,-,Y,TUL,,198," ",R,9.425,H,,R,N,4,0,1,2,A,-,03,22350,,N,C,C,A,A,H,-,A,D,0,,,,,Y,,D,22,0,0,1,0,0,0,0,0,0,"- ","- ",36.326881408691406,-119.30200958251953,TULARE,VISALIA,-119.30200958251953,36.326847076416016
9379135,2021,2022-01-12,5407,2021-11-28,2059,A306,480,7,5,5,5407,0,0,0,,0,025,"MINERAL KING AV",DEMAREE,0.00,,Y,A,-,Y,TUL,6,198,-,-,7.564,R,4,W,Y,4,0,2,2,A,-,12,21453,A,N,D,C,A,A,H,-,C,A,0,,,,,Y,,A,01,0,0,2,0,0,0,0,0,0,"- ","- ",,,TULARE,VISALIA,-119.33530426025391,36.327384948730469
93960209,2024,2024-08-08,9480,2024-07-29,1510,018861,,1,2,9,5400,0,3,5,,2,006,"ROAD 180","SR-198 E/B",25.00,S,N,A,-,Y,TUL,,198," ",R,16.764,H,,R,Y,3,0,2,2,A,-,03,22350,,N,C,C,A,A,H,-,A,A,0,,,,,Y,,A,07,0,1,1,0,0,0,0,0,0,"- ","- ",36.326339721679688,-119.17070007324219,TULARE,UNINCORPORATED,-119.17070007324219,36.326465606689453
9404135,2022,2022-02-16,5407,2022-01-17,1040,M226,480,1,5,5,5407,0,0,0,,0,033,"RT 198","LOVERS LN",0.00,,Y,A,-,Y,TUL,6,198,-,R,11.924,R,3,E,N,3,0,2,3,A,-,10,21950,A,N,G,B,B,A,H,-,A,A,0,Y,,,,Y,,A,01,0,1,1,0,2,0,0,0,0,"- ","- ",36.327369689941406,-119.26078033447266,TULARE,VISALIA,-119.25737762451172,36.327228546142578
9414327,2021,2022-03-23,5408,2021-11-23,1803,1951,,2,5,2,5408,0,0,0,,0,,"W NARANJO BL","SOUTH ACACIA ST",0.00,,Y,A,-,Y,TUL,6,216,-,-,13.810,H,-,W,Y,4,0,1,2,A,-,04,21703,,M,C,C,A,A,H,-,C,D,0,,,,,Y,,A,01,0,0,1,0,0,0,0,0,0,"- ","- ",,,TULARE,WOODLAKE,-119.10231781005859,36.413738250732422
9431418,2022,2022-04-28,5407,2022-02-23,1119,M194,480,3,5,5,5407,0,0,0,,0,026,"RT 216","E MINERAL KING",0.00,,Y,A,-,Y,TUL,6,216,-,R,0.038,I,5,E,Y,4,0,1,2,A,-,12,21453,A,N,D,C,A,A,H,-,A,A,0,,,,,Y,,A,01,0,0,1,0,0,0,0,0,0,"- ","- ",36.328128814697266,-119.26077270507812,TULARE,VISALIA,-119.26070404052734,36.328174591064453
94357305,2024,2024-08-16,9480,2024-08-10,1410,019048,,6,2,9,5400,0,1,3,,1,044,SR-198,"HAWK HOLLOW DRIVE",528.00,W,N,A,-,Y,TUL,,198," "," ",39.657,H,,R,N,2,0,1,1,A,-,03,22350,,N,E,I,A,A,H,-,A,D,0,,,Y,,Y,,C,02,1,0,0,0,0,0,0,0,1,"- ","- ",36.452140808105469,-118.89556121826172,TULARE,UNINCORPORATED,-118.89552307128906,36.452095031738281
94357513,2024,2024-08-16,9480,2024-08-14,"525 ",019932,,3,3,9,5400,0,1,3,,1,044,"STATE ROUTE 198 (SIERRA DRIVE)","OLD THREE RIVERS ROAD",1584.00,E,N,A,-,Y,TUL,,198," "," ",37.458,H,,R,Y,3,0,1,1,A,-,01,23152,A,N,E,8,A,A,H,-,B,D,0,,,,,Y,Y,D,22,0,1,0,0,0,0,0,0,0,"- ","- ",36.425369262695312,-118.91539001464844,TULARE,UNINCORPORATED,-118.91545104980469,36.425373077392578
94359637,2024,2024-08-19,9480,2024-08-06,"810 ",018861,,2,1,5,5407,0,1,3,,1,064,"SR-198 E/B","SHIRK ST",596.00,E,N,A,-,Y,TUL,,198," "," ",5.879,H,,R,N,3,0,1,2,A,-,04,21703,,N,C,C,A,A,H,-,A,D,0,,,,,Y,,A,07,0,1,0,0,0,0,0,0,0,"- ","- ",36.327140808105469,-119.36554718017578,TULARE,VISALIA,-119.36554718017578,36.32708740234375
94359803,2024,2024-08-19,9480,2024-08-04,2100,022131,,7,2,9,5400,0,1,3,,1,064,SR-198,"PLAZA DRIVE",2500.00,W,N,G,-,Y,TUL,,198," ",R,4.329,H,,R,Y,3,0,1,2,A,-,05,21651,B,M,B,C,A,A,H,-,C,A,0,,,,,Y,,-,99,0,1,0,0,0,0,0,0,0,"- ","- ",36.327159881591797,-119.39846038818359,TULARE,UNINCORPORATED,-119.39846038818359,36.327186584472656
94370006,2024,2024-08-26,9480,2024-08-20,2335,017452,,2,3,9,5400,0,1,3,,1,064,"SR-198 (W/B)","WOODLAND STREET O/C",125.00,W,N,A,-,Y,TUL,,198," ",R,8.483,H,,R,Y,3,0,1,1,A,-,01,23152,A,N,E,I,A,A,H,-,D,D,0,,,,,Y,Y,A,01,0,1,0,0,0,0,0,0,0,"- ","- ",36.327510833740234,-119.31886291503906,TULARE,UNINCORPORATED,-119.31888580322266,36.327255249023438
94371433,2024,2024-08-27,9480,2024-08-22,"810 ",016723,,4,1,5,5407,0,1,3,,1,064,"SR-198 E/B","COUNTY CENTER DRIVE",100.00,E,N,A,-,Y,TUL,,198," "," ",8.155,H,,R,Y,4,0,1,3,A,-,03,22350,,N,C,C,A,A,H,-,A,D,0,,,,,Y,,A,07,0,0,1,0,0,0,0,0,0,"- ","- ",36.327060699462891,-119.32473754882812,TULARE,VISALIA,-119.32474517822266,36.327106475830078
94371525,2024,2024-08-27,9480,2024-05-24,1645,016995,,5,2,9,5400,0,1,3,,1,064,"STATE ROUTE 198 (EASTBOUND)","ROAD 156",4066.00,W,N,A,-,Y,TUL,,198," ",R,12.973,H,,R,Y,1,1,0,3,A,-,01,23152,A,N,C,C,A,A,H,-,A,D,0,,,Y,,Y,Y,C,02,0,0,0,0,0,0,0,1,0,"- ","- ",36.326881408691406,-119.23857879638672,TULARE,UNINCORPORATED,-119.23857879638672,36.326881408691406
94371541,2024,2024-08-27,9480,2024-08-19,"745 ",017713,,1,1,5,5407,0,1,3,,1,064,"SR-198 W/B","LOCUST ST.",450.00,W,N,A,-,Y,TUL,,198," ",R,9.815,H,,L,Y,3,0,7,6,A,-,03,22350,,N,C,C,A,A,H,-,A,D,0,,,,,Y,,A,01,0,7,0,0,0,0,0,0,0,"- ","- ",36.326980590820312,-119.29505157470703,TULARE,VISALIA,-119.29505157470703,36.326995849609375
94372193,2024,2024-08-27,9480,2024-08-21,"758 ",017713,,3,1,5,5407,0,1,3,,1,064,"SR-198 W/B","(RD 128) SANTA FE ST",190.00,E,N,A,-,Y,TUL,,198," ",R,10.260,H,,L,Y,3,0,1,4,A,-,03,22350,,N,C,C,A,A,H,-,A,D,0,,,,,Y,,D,22,0,1,0,0,0,0,0,0,0,"- ","- ",36.326988220214844,-119.28701782226562,TULARE,VISALIA,-119.28701782226562,36.327011108398438
94375454,2024,2024-08-29,9480,2024-08-19,"746 ",018861,,1,1,5,5407,0,1,3,,1,064,"SR-198 W/B","SANTA FE STREET",279.00,E,N,A,-,Y,TUL,,198," ",R,10.277,H,,L,Y,3,0,2,3,A,-,03,22350,,N,C,C,A,A,H,-,A,D,0,,,,,Y,,A,01,0,2,0,0,0,0,0,0,0,"- ","- ",36.326988220214844,-119.28672027587891,TULARE,VISALIA,-119.28672027587891,36.327014923095703
94376598,2024,2024-08-30,9480,2024-08-23,1325,016995,,5,1,9,5400,0,1,3,,1,044,"STATE ROUTE 198","DOUGLAS DRIVE",30.00,W,N,A,-,Y,TUL,,198," "," ",27.065,H,,R,Y,4,0,1,2,A,-,21,22106,,N,D,C,A,A,H,-,A,D,0,,,,,Y,,A,01,0,0,1,0,0,0,0,0,0,"- ","- ",36.383750915527344,-119.02497100830078,TULARE,UNINCORPORATED,-119.02496337890625,36.383750915527344
94379226,2024,2024-09-03,9480,2024-08-20,1427,018861,,2,2,9,5400,0,1,3,,1,044,"SR-198 W/B (SIERRA DRIVE)","PIERCE DRIVE",6388.00,W,N,A,-,Y,TUL,,198," "," ",34.938,H,,L,Y,3,0,1,1,A,-,08,22107,,N,E,I,A,A,H,-,A,D,0,,,,,Y,,A,01,0,1,0,0,0,0,0,0,0,"- ","- ",36.406620025634766,-118.94901275634766,TULARE,UNINCORPORATED,-118.94898986816406,36.406585693359375
94381471,2024,2024-09-04,9480,2024-08-24,"640 ",021547,,6,1,9,5400,0,1,3,,1,040,SR-216,"RD 152",803.00,E,N,A,-,Y,TUL,,216," "," ",3.581,H,,R,Y,2,0,2,1,A,-,08,22107,,N,E,I,A,A,H,-,A,D,0,,,,,Y,,A,01,1,1,0,0,0,0,0,0,0,"- ","- ",36.346088409423828,-119.23282623291016,TULARE,UNINCORPORATED,-119.23286437988281,36.346134185791016
94381586,2024,2024-09-04,9480,2024-08-27,1145,017713,,2,1,9,5400,0,1,3,,1,044,SR-198,"MINERAL KING RD",2112.00,E,N,A,-,Y,TUL,,198," "," ",42.766,H,,R,Y,3,0,1,1,A,-,08,22107,,N,E,I,A,A,H,-,A,D,0,,,Y,,Y,,C,02,0,1,0,0,0,0,0,0,1,"- ","- ",36.471828460693359,-118.85736846923828,TULARE,UNINCORPORATED,-118.85736083984375,36.471813201904297
94381775,2024,2024-09-05,9480,2024-08-27,2150,019186,,2,2,5,5407,0,1,3,,1,064,"SR-198 (E/B) TO DEMAREE ST","DEMAREE ST",690.00,W,N,A,-,Y,TUL,,198," "," ",7.628,H,,R,N,4,0,1,2,A,-,03,22350,,N,C,C,A,A,H,-,C,A,0,,,,,Y,,A,01,0,0,1,0,0,0,0,0,0,"- ","- ",36.327041625976562,-119.33421325683594,TULARE,VISALIA,-119.33419036865234,36.327232360839844
94389813,2024,2024-09-11,9480,2024-08-28,"215 ",019186,,3,3,9,5400,0,1,3,,1,064,"SR-198 E/B","LOVERS LANE",3865.00,E,N,A,-,Y,TUL,,198," ",R,12.468,H,,R,Y,4,0,1,1,A,-,01,23152,A,N,E,I,A,A,H,-,D,D,0,,,,,Y,Y,A,01,0,0,1,0,0,0,0,0,0,"- ","- ",36.326881408691406,-119.24762725830078,TULARE,UNINCORPORATED,-119.24762725830078,36.326961517333984
94394208,2024,2024-09-16,9480,2024-09-01,1552,019048,,7,2,5,5407,0,1,3,,1,064,"SR-198 W/B","MOONEY BLVD",200.00,W,N,A,-,Y,TUL,,198," ",R,8.588,H,,L,N,2,0,1,2,A,-,03,22350,,N,C,C,A,A,H,-,A,D,0,,,Y,,Y,,C,02,1,0,0,0,0,0,0,0,1,"- ","- ",36.327278137207031,-119.31700897216797,TULARE,VISALIA,-119.3170166015625,36.327251434326172
94397557,2024,2024-09-17,9480,2024-09-10,"800 ",017713,,2,1,5,5407,0,1,3,,1,064,"SR-198 W/B","LINWOOD ST.",90.00,W,N,A,-,Y,TUL,,198," "," ",7.234,H,,L,N,3,0,1,2,A,-,08,22107,,N,C,C,A,A,H,-,A,D,0,,,,,Y,,D,22,0,1,0,0,0,0,0,0,0,"- ","- ",36.327560424804688,-119.34130096435547,TULARE,VISALIA,-119.34130096435547,36.3275146484375
94397983,2024,2024-09-17,9480,2024-09-10,"750 ",017713,,2,1,5,5407,0,1,3,,1,064,"SR-198 E/B","PLAZA DR.",430.00,E,N,A,-,Y,TUL,,198," ",R,4.889,H,,R,N,3,0,1,4,A,-,03,22350,,N,C,C,A,A,H,-,A,D,0,,,,,Y,,A,01,0,1,0,0,0,0,0,0,0,"- ","- ",36.327171325683594,-119.38835144042969,TULARE,VISALIA,-119.38835144042969,36.327159881591797
94399365,2024,2024-09-18,9480,2024-09-08,2030,022131,,7,2,9,5400,0,1,3,,1,044,"SR-198 (SIERRA DR)","OLD THREE RIVERS ROAD",500.00,W,N,A,-,Y,TUL,,198," "," ",37.113,H,,R,Y,4,0,1,2,A,-,01,23152,A,N,B,2,A,A,H,-,D,A,0,,,,,Y,Y,A,01,0,0,1,0,0,0,0,0,0,"- ","- ",36.421291351318359,-118.91803741455078,TULARE,UNINCORPORATED,-118.91802978515625,36.421268463134766
94400916,2024,2024-09-19,9480,2024-09-10,1700,019186,,2,2,9,5400,0,1,3,,1,040,SR-216,"WEBB ST",525.00,W,N,A,-,Y,TUL,,216," "," ",14.801,H,,R,N,4,0,1,2,A,-,08,22107,,F,G,B,E,A,H,-,A,D,0,Y,,,,Y,,-,99,0,0,1,0,1,0,0,0,0,"- ","- ",36.413810729980469,-119.0849609375,TULARE,UNINCORPORATED,-119.0849609375,36.413734436035156
94400990,2024,2024-09-19,9480,2024-09-12,1510,017108,,4,2,9,5400,0,1,3,,1,044,"STATE ROUTE 198","ROAD 220",18.00,W,N,A,-,Y,TUL,,198," "," ",21.191,H,,R,N,3,0,1,2,A,-,21,22106,,N,C,C,A,A,H,-,A,A,0,,,Y,,Y,,C,02,0,1,0,0,0,0,0,0,1,"- ","- ",36.325469970703125,-119.09136199951172,TULARE,UNINCORPORATED,-119.09136199951172,36.325531005859375
94404513,2024,2024-09-23,9480,2024-09-14,"135 ",021903,,6,3,9,5400,0,1,3,,1,064,"SR-198 (W/B)",SR-99,1115.00,E,N,A,-,Y,TUL,,198," ",R,4.074,H,,L,Y,2,0,1,1,A,-,03,22350,,N,F,A,A,A,H,-,D,D,0,,,Y,,Y,Y,C,02,1,0,0,0,0,0,0,0,1,"- ","- ",36.327529907226562,-119.40297698974609,TULARE,UNINCORPORATED,-119.40296936035156,36.327552795410156
94404519,2024,2024-09-23,9480,2024-09-12,"30  ",020450,,4,3,9,5400,0,1,3,,1,040,SR-216,"ROAD 192",1373.00,W,N,A,-,Y,TUL,,216," "," ",11.204,H,,R,Y,4,0,1,1,A,-,08,22107,,N,E,I,A,A,H,-,D,D,0,,,,,Y,,A,01,0,0,1,0,0,0,0,0,0,"- ","- ",36.409931182861328,-119.14781951904297,TULARE,UNINCORPORATED,-119.14776611328125,36.409854888916016
94406556,2024,2024-09-24,9480,2024-09-20,1427,019932,,5,2,9,5400,0,1,3,,1,040,"STATE ROUTE 216","MILLS DRIVE",45.00,W,N,A,-,Y,TUL,,216," "," ",4.839,H,,R,Y,4,0,4,3,A,-,03,22350,,N,C,C,A,A,H,-,A,D,0,,,,,Y,,D,22,0,0,4,0,0,0,0,0,0,"- ","- ",36.354221343994141,-119.21610260009766,TULARE,UNINCORPORATED,-119.21614837646484,36.354217529296875
94406743,2024,2024-09-24,9480,2024-09-20,"735 ",019932,,5,1,5,5407,0,1,3,,1,064,"STATE ROUTE 198 EASTBOUND (E/B)","BEN MADDOX WAY",150.00,W,N,A,-,Y,TUL,,198," ",R,10.646,H,,R,N,4,0,1,2,A,-,03,22350,,N,C,C,A,A,H,-,A,D,0,,,,,Y,,A,01,0,0,1,0,0,0,0,0,0,"- ","- ",36.326709747314453,-119.28012847900391,TULARE,VISALIA,-119.28012084960938,36.326770782470703
94411278,2024,2024-09-27,9480,2024-09-20,1545,019932,,5,2,9,5400,0,1,3,,1,040,"STATE ROUTE 216 (RD 160)","CITRUS AVE",0.00,,Y,A,-,Y,TUL,,216," "," ",6.609,H,,R,Y,4,0,1,2,A,-,09,21802,A,N,A,C,A,A,H,-,A,A,0,,,,,Y,,A,01,0,0,1,0,0,0,0,0,0,"- ","- ",36.380039215087891,-119.21562194824219,TULARE,UNINCORPORATED,-119.21563720703125,36.380039215087891