CASE_ID,ACCIDENT_YEAR,PROC_DATE,JURIS,COLLISION_DATE,COLLISION_TIME,OFFICER_ID,REPORTING_DISTRICT,DAY_OF_WEEK,CHP_SHIFT,POPULATION,CNTY_CITY_LOC,SPECIAL_COND,BEAT_TYPE,CHP_BEAT_TYPE,CITY_DIVISION_LAPD,CHP_BEAT_CLASS,BEAT_NUMBER,PRIMARY_RD,SECONDARY_RD,DISTANCE,DIRECTION,INTERSECTION,WEATHER_1,WEATHER_2,STATE_HWY_IND,CALTRANS_COUNTY,CALTRANS_DISTRICT,STATE_ROUTE,ROUTE_SUFFIX,POSTMILE_PREFIX,POSTMILE,LOCATION_TYPE,RAMP_INTERSECTION,SIDE_OF_HWY,TOW_AWAY,COLLISION_SEVERITY,NUMBER_KILLED,NUMBER_INJURED,PARTY_COUNT,PRIMARY_COLL_FACTOR,PCF_CODE_OF_VIOL,PCF_VIOL_CATEGORY,PCF_VIOLATION,PCF_VIOL_SUBSECTION,HIT_AND_RUN,TYPE_OF_COLLISION,MVIW,PED_ACTION,ROAD_SURFACE,ROAD_COND_1,ROAD_COND_2,LIGHTING,CONTROL_DEVICE,CHP_ROAD_TYPE,PEDESTRIAN_ACCIDENT,BICYCLE_ACCIDENT,MOTORCYCLE_ACCIDENT,TRUCK_ACCIDENT,NOT_PRIVATE_PROPERTY,ALCOHOL_INVOLVED,STWD_VEHTYPE_AT_FAULT,CHP_VEHTYPE_AT_FAULT,COUNT_SEVERE_INJ,COUNT_VISIBLE_INJ,COUNT_COMPLAINT_PAIN,COUNT_PED_KILLED,COUNT_PED_INJURED,COUNT_BICYCLIST_KILLED,COUNT_BICYCLIST_INJURED,COUNT_MC_KILLED,COUNT_MC_INJURED,PRIMARY_RAMP,SECONDARY_RAMP,LATITUDE,LONGITUDE,COUNTY,CITY,POINT_X,POINT_Y
94414713,2024,2024-10-01,9480,2024-09-18,1534,018861,,3,2,9,5400,0,1,3,,1,064,"SR-198 E/B","SHIRK STREET",1703.00,W,N,A,-,Y,TUL,,198," "," ",5.439,H,,R,Y,3,0,1,3,A,-,04,21703,,N,C,2,A,A,H,-,A,D,0,,,,,Y,,A,01,0,1,0,0,0,0,0,0,0,"- ","- ",36.327129364013672,-119.37342834472656,TULARE,UNINCORPORATED,-119.37342834472656,36.327117919921875
94414773,2024,2024-10-28,9480,2024-09-23,"310 ",022131,,1,3,5,5407,0,1,3,,1,064,"SR-198 (W/B)","SHIRK ROAD",300.00,W,N,A,-,Y,TUL,,198," "," ",5.744,H,,R,Y,2,0,2,2,A,-,01,23152,A,N,C,C,A,A,H,-,D,D,0,,,,,Y,Y,A,01,1,0,1,0,0,0,0,0,0,"- ","- ",36.3272705078125,-119.36797332763672,TULARE,VISALIA,-119.36797332763672,36.327106475830078
94415489,2024,2024-10-01,9480,2024-09-25,"407 ",017452,,3,3,9,5400,0,1,3,,1,064,"SR-198 E/B","MOONEY BLVD O/C",275.00,W,N,A,-,Y,TUL,,198," ",R,8.698,H,,R,Y,3,0,1,1,A,-,08,22107,,N,E,I,A,A,H,-,D,D,0,,,,,Y,,A,01,0,1,0,0,0,0,0,0,0,"- ","- ",36.326858520507812,-119.31508636474609,TULARE,UNINCORPORATED,-119.31508636474609,36.326919555664062
94421896,2024,2024-10-07,9480,2024-09-26,1800,019828,,4,2,5,5407,0,1,3,,1,064,"SR-198 E/B","MOONEY BLVD.",2640.00,W,N,A,-,Y,TUL,,198," "," ",8.170,H,,R,Y,4,0,1,1,A,-,08,22107,,N,E,8,A,A,H,-,A,D,0,,,,,Y,,D,22,0,0,1,0,0,0,0,0,0,"- ","- ",36.327030181884766,-119.32447052001953,TULARE,VISALIA,-119.32447814941406,36.327117919921875
94422015,2024,2024-10-07,9480,2024-09-24,"820 ",018861,,2,1,5,5407,0,1,3,,1,064,"SR-198 W/B","COURT STREET",100.00,E,N,A,-,Y,TUL,,198," ",R,10.001,H,,L,Y,3,0,1,2,A,-,03,22350,,N,C,C,A,A,H,-,A,D,0,,,,,Y,,D,22,0,1,0,0,0,0,0,0,0,"- ","- ",36.326999664306641,-119.29167938232422,TULARE,VISALIA,-119.29167938232422,36.326995849609375
94429559,2024,2024-10-14,9480,2024-10-01,"757 ",017713,,2,1,5,5407,0,1,3,,1,064,"SR-198 W/B","SANTA FE ST",150.00,E,N,A,-,Y,TUL,,198," ",R,10.269,H,,L,Y,3,0,2,3,A,-,03,22350,,N,C,C,A,A,H,-,A,D,0,,,,,Y,,A,01,0,2,0,0,0,0,0,0,0,"- ","- ",36.326988220214844,-119.28685760498047,TULARE,VISALIA,-119.28685760498047,36.327011108398438
94431740,2024,2024-10-15,9480,2024-10-07,"805 ",017291,,1,1,9,5400,0,1,3,,1,064,"STATE ROUTE 198 W/B","BEN MADDOX WAY",1584.00,E,N,A,-,Y,TUL,,198," ",R,10.853,H,,L,N,4,0,1,2,A,-,03,22350,,N,C,C,A,A,H,-,A,D,0,,,,,Y,,D,22,0,0,1,0,0,0,0,0,0,"- ","- ",36.326580047607422,-119.27638244628906,TULARE,UNINCORPORATED,-119.27639007568359,36.326526641845703
94432253,2024,2024-10-15,9480,2024-10-07,"744 ",018861,,1,1,9,5400,0,1,3,,1,044,"SR-198 (SIERRA DRIVE) W/B","HORSE CREEK ROAD",6653.00,E,N,A,-,Y,TUL,,198," "," ",34.873,H,,L,N,3,0,1,1,A,-,08,22107,,N,E,I,A,A,H,-,A,D,0,,,,,Y,,D,22,0,1,0,0,0,0,0,0,0,"- ","- ",36.406211853027344,-118.95010375976562,TULARE,UNINCORPORATED,-118.9500732421875,36.406169891357422
94432318,2024,2024-10-15,9480,2024-10-06,2320,022131,,7,3,9,5400,0,1,3,,1,064,"SR-198 W/B",SR-99,300.00,E,N,A,-,Y,TUL,,198," ",R,3.937,H,,L,N,3,0,2,2,A,-,01,23152,A,N,C,C,A,A,H,-,D,D,0,,,,,Y,Y,A,01,0,2,0,0,0,0,0,0,0,"- ","- ",36.32830810546875,-119.40524291992188,TULARE,UNINCORPORATED,-119.40525817871094,36.328269958496094
94434761,2024,2024-10-17,9480,2024-10-08,1805,019186,,2,2,5,5407,0,1,3,,1,064,"SR-198 W/B","LINWOOD AVE",340.00,W,N,A,-,Y,TUL,,198," "," ",7.170,H,,L,N,4,0,1,2,A,-,07,21658,A,N,B,C,A,A,H,-,A,D,0,,,,Y,Y,,G,25,0,0,1,0,0,0,0,0,0,"- ","- ",36.327518463134766,-119.34245300292969,TULARE,VISALIA,-119.34245300292969,36.327507019042969
94436901,2024,2024-11-04,9480,2024-10-09,"750 ",019349,,3,1,9,5400,0,1,3,,1,064,"SR-198 W/B","ROAD 182",0.00,,Y,A,-,Y,TUL,,198," ",R,17.007,H,,L,Y,4,0,2,2,A,-,09,21801,A,N,D,2,A,A,H,-,A,D,0,,,,,Y,,D,22,0,0,2,0,0,0,0,0,0,"- ","- ",36.326591491699219,-119.16635894775391,TULARE,UNINCORPORATED,-119.16635894775391,36.326595306396484
94447208,2024,2024-10-28,9480,2024-10-14,2040,019186,,1,2,5,5407,0,1,3,,1,064,"SR-198 E/B","BURKE ST",110.00,E,N,A,-,Y,TUL,,198," ",R,10.497,H,,R,N,3,0,1,3,A,-,11,21954,A,N,G,B,E,A,H,-,D,D,0,Y,,,,Y,,N,60,0,1,0,0,1,0,0,0,0,"- ","- ",36.326808929443359,-119.28282928466797,TULARE,VISALIA,-119.28282928466797,36.326847076416016
94448124,2024,2024-10-28,9480,2024-10-20,1440,019048,,7,2,9,5400,0,1,3,,1,044,"SR-198 E/B","YOKOHL DRIVE",0.00,,Y,A,-,Y,TUL,,198," "," ",21.862,H,,R,Y,4,0,1,2,A,-,09,21801,A,N,A,2,A,A,H,-,A,A,0,,,,,Y,,A,01,0,0,1,0,0,0,0,0,0,"- ","- ",36.325698852539062,-119.07875061035156,TULARE,UNINCORPORATED,-119.07875823974609,36.325717926025391
94448720,2024,2024-10-29,9480,2024-10-22,1055,017108,,2,1,5,5407,0,1,3,,1,064,"SR-198 E/B","SANTA FE STREET",318.00,E,N,A,-,Y,TUL,,198," ",R,10.285,H,,R,Y,3,0,3,3,A,-,07,21658,A,N,B,C,A,A,H,-,A,D,0,,,,,Y,,A,01,0,1,2,0,0,0,0,0,0,"- ","- ",36.326839447021484,-119.28656768798828,TULARE,VISALIA,-119.28656768798828,36.326831817626953
94449505,2024,2024-10-29,9480,2024-10-22,1206,017713,,2,1,5,5407,0,1,3,,1,064,"SR-198 E/B","GIDDINGS ST.",350.00,W,N,A,-,Y,TUL,,198," ",R,9.159,H,,R,Y,3,0,1,2,A,-,03,22350,,N,C,C,A,A,H,-,A,D,0,,,,,Y,,D,22,0,1,0,0,0,0,0,0,0,"- ","- ",36.326850891113281,-119.30679321289062,TULARE,VISALIA,-119.30679321289062,36.326858520507812
94458140,2024,2024-11-05,9480,2024-10-27,1538,017713,,7,2,5,5407,0,1,3,,1,064,"SR-198 W/B","MOONEY BLVD.",930.00,E,N,A,-,Y,TUL,,198," ",R,8.951,H,,L,N,3,0,1,1,A,-,03,22350,,N,E,9,A,A,H,-,A,D,0,,,,,Y,,A,01,0,1,0,0,0,0,0,0,0,"- ","- ",36.327098846435547,-119.31053161621094,TULARE,VISALIA,-119.31053161621094,36.327083587646484
94458912,2024,2024-11-05,9480,2024-10-28,2112,021249,,1,2,5,5407,0,1,3,,1,064,"SR-198 W/B","BEN MADDOX WAY",2904.00,E,N,A,-,Y,TUL,,198," ",R,11.273,H,,L,Y,3,0,1,1,A,-,01,23152,A,N,E,I,A,A,H,-,D,D,0,,,,,Y,Y,A,01,0,1,0,0,0,0,0,0,0,"- ","- ",36.326919555664062,-119.26892852783203,TULARE,VISALIA,-119.26893615722656,36.32696533203125
94459247,2024,2024-11-05,9480,2024-10-31,"745 ",019932,,4,1,5,5407,0,1,3,,1,064,"STATE ROUTE 198 E/B","GIDDINGS STREET",500.00,E,N,B,-,Y,TUL,,198," ",R,9.289,H,,R,N,4,0,1,2,A,-,03,22350,,N,C,C,A,A,H,-,A,D,0,,,,,Y,,A,07,0,0,1,0,0,0,0,0,0,"- ","- ",36.326831817626953,-119.304443359375,TULARE,VISALIA,-119.304443359375,36.326862335205078
94461836,2024,2024-11-07,9480,2024-02-10,"49  ",021687,,6,3,9,5400,0,1,3,,1,034,"SR-99 N/B TO SR-198 W/B","STATE ROUTE 99 NORTHBOUND",297.00,E,N,B,-,Y,TUL,,198," ",R,3.789,H,,L,Y,1,1,3,2,A,-,01,23152,A,N,A,C,A,A,H,-,C,D,0,,,,,Y,Y,A,01,3,0,0,0,0,0,0,0,0,"- ","- ",36.328891754150391,-119.4078369140625,TULARE,UNINCORPORATED,-119.40782165527344,36.328960418701172
94465717,2024,2024-11-12,9480,2024-11-01,"115 ",019828,,5,3,9,5400,0,1,3,,1,064,"SR-198 W/B",SR-99,1056.00,E,N,A,-,Y,TUL,,198," ",R,4.003,H,,L,Y,4,0,1,1,A,-,01,23152,A,N,F,A,A,A,H,-,D,D,0,,,,,Y,Y,D,22,0,0,1,0,0,0,0,0,0,"- ","- ",36.327888488769531,-119.40418243408203,TULARE,UNINCORPORATED,-119.40415954589844,36.327930450439453
94471886,2024,2024-11-18,9480,2024-11-05,1935,021044,,2,2,9,5400,0,1,3,,1,040,SR-216,"ROAD 222",0.00,,Y,A,-,Y,TUL,,216," "," ",15.258,H,,R,Y,3,0,4,2,A,-,09,21802,B,N,A,C,A,A,H,-,D,A,0,,,,,Y,,A,01,0,4,0,0,0,0,0,0,0,"- ","- ",36.413700103759766,-119.07639312744141,TULARE,UNINCORPORATED,-119.07639312744141,36.413703918457031
94476074,2024,2024-11-19,9480,2024-11-14,1230,016233,,4,1,9,5400,0,3,5,,2,006,"RD 180",SR-198,8.00,S,N,A,-,Y,TUL,,198," ",R,16.775,H,,R,N,4,0,3,2,A,-,21,22106,,N,C,C,A,A,H,-,A,A,0,,,,,Y,,A,07,0,0,3,0,0,0,0,0,0,"- ","- ",36.326381683349609,-119.17050170898438,TULARE,UNINCORPORATED,-119.17050170898438,36.326465606689453
94480634,2024,2024-11-22,9480,2024-11-12,1613,018861,,2,2,5,5407,0,1,3,,1,064,"SR-198 E/B","WOODLAND STREEET",348.00,W,N,A,-,Y,TUL,,198," ",R,8.434,H,,R,N,4,0,1,2,A,-,03,22350,,N,C,C,A,A,H,-,A,D,0,,,,,Y,,D,22,0,0,1,0,0,0,0,0,0,"- ","- ",36.327308654785156,-119.31976318359375,TULARE,VISALIA,-119.31976318359375,36.327293395996094
94480654,2024,2024-11-22,9480,2024-11-12,1715,018861,,2,2,5,5407,0,1,3,,1,064,"SR-198 E/B","WOODLAND STREET",277.00,W,N,A,-,Y,TUL,,198," ",R,8.451,H,,R,N,4,0,1,2,A,-,03,22350,,N,C,C,A,A,H,-,D,D,0,,,,,Y,,A,01,0,0,1,0,0,0,0,0,0,"- ","- ",36.327301025390625,-119.3194580078125,TULARE,VISALIA,-119.3194580078125,36.327289581298828
94488504,2024,2024-12-02,9480,2024-11-22,1737,021628,,5,2,9,5400,0,1,3,,1,044,"STATE ROUTE 198 (SIERRA DR)","OLD THREE RIVERS ROAD",20.00,W,N,B,-,Y,TUL,,198," "," ",37.159,H,,R,Y,3,0,1,2,A,-,08,22107,,N,B,C,A,A,H,-,D,D,0,,,,,Y,,D,22,0,1,0,0,0,0,0,0,0,"- ","- ",36.421520233154297,-118.91725921630859,TULARE,UNINCORPORATED,-118.91727447509766,36.421543121337891
94489164,2024,2024-12-02,9480,2024-11-22,1715,021682,,5,2,5,5407,0,1,3,,1,064,"SR-198 W/B","LOVERS LANE",395.00,W,N,A,-,Y,TUL,,198," ",R,11.651,H,,L,N,4,0,1,2,A,-,03,22350,,M,C,C,A,A,H,-,D,D,0,,,,,Y,,A,01,0,0,1,0,0,0,0,0,0,"- ","- ",36.327640533447266,-119.26223754882812,TULARE,VISALIA,-119.26223754882812,36.327632904052734
94489206,2024,2024-12-02,9480,2024-11-22,1612,019932,,5,2,5,5407,0,1,3,,1,064,"STATE ROUTE 198 W/B","BEN MADDOX WAY",180.00,W,N,A,-,Y,TUL,,198," ",R,10.693,H,,L,Y,2,0,1,1,A,-,08,22107,,N,E,I,A,A,H,-,A,D,0,,,,,Y,,A,01,1,0,0,0,0,0,0,0,0,"- ","- ",36.326808929443359,-119.279296875,TULARE,VISALIA,-119.279296875,36.32684326171875
94489228,2024,2024-12-02,9480,2024-11-23,1030,016995,,6,1,9,5400,0,1,3,,1,044,"STATE ROUTE 198","LEMON RD",300.00,E,N,B,-,Y,TUL,,198," "," ",26.929,H,,R,Y,4,0,1,1,A,-,03,22350,,N,F,A,A,B,H,-,A,D,0,,,,,Y,,A,01,0,0,1,0,0,0,0,0,0,"- ","- ",36.381649017333984,-119.02507781982422,TULARE,UNINCORPORATED,-119.02512359619141,36.381668090820312
94490392,2024,2024-12-03,9480,2024-11-26,"936 ",017108,,2,1,9,5400,0,1,3,,1,044,"STATE ROUTE 198 (SIERRA DRIVE)","LEMON ROAD",45.00,E,N,B,C,Y,TUL,,198," "," ",27.212,H,,R,Y,3,0,1,2,A,-,03,22350,,N,B,C,A,B,H,-,A,D,0,,,,,Y,,A,07,0,1,0,0,0,0,0,0,0,"- ","- ",36.385921478271484,-119.02484130859375,TULARE,UNINCORPORATED,-119.02481079101562,36.385902404785156
94508961,2024,2024-12-18,9480,2024-12-14,1245,019932,,6,1,5,5407,0,1,3,,1,064,"STATE ROUTE 198 E/B TO DEMAREE STREET","CHINOWTH STREET",15.00,W,N,A,-,Y,TUL,,198," "," ",7.500,H,,R,N,4,0,1,2,A,-,03,22350,,N,C,C,A,A,H,-,A,D,0,,,,,Y,,D,22,0,0,1,0,0,0,0,0,0,"- ","- ",36.327129364013672,-119.33645629882812,TULARE,VISALIA,-119.33645629882812,36.327308654785156
94515227,2024,2024-12-24,9480,2024-12-23,1745,021589,,1,2,9,5400,0,1,3,,1,040,SR-216,"RD 168",0.00,,Y,A,-,Y,TUL,,216," "," ",7.949,H,,R,Y,4,0,2,2,A,-,09,21802,A,M,D,C,A,A,H,-,D,A,0,,,,,Y,,A,07,0,0,2,0,0,0,0,0,0,"- ","- ",36.385570526123047,-119.19780731201172,TULARE,UNINCORPORATED,-119.19783020019531,36.385593414306641
94526527,2024,2025-01-06,9480,2024-12-24,1120,016240,,2,1,9,5400,0,1,3,,1,044,"SR-198 (SIERRA DRIVE)","DOUGLAS AVENUE",310.00,E,N,B,C,Y,TUL,,198," "," ",27.164,H,,R,Y,4,0,9,2,A,-,03,22350,,N,A,C,A,B,H,-,A,D,0,,,,,Y,,A,08,0,0,9,0,0,0,0,0,0,"- ","- ",36.385040283203125,-119.02503967285156,TULARE,UNINCORPORATED,-119.0250244140625,36.385040283203125
94528974,2024,2025-01-07,9480,2024-11-02,"400 ",019828,,6,3,9,5400,0,1,3,,1,034,"STATE ROUTE 198 EASTBOUND","ROAD 68",1056.00,E,N,B,-,Y,TUL,,198," ",R,3.222,H,,R,Y,1,1,0,1,A,-,01,23152,G,N,E,8,A,A,H,-,C,D,0,,,,,Y,Y,A,01,0,0,0,0,0,0,0,0,0,"- ","- ",36.32720947265625,-119.41761016845703,TULARE,UNINCORPORATED,-119.41761779785156,36.3272705078125
94531310,2024,2025-01-09,9480,2024-12-27,"700 ",019349,,5,1,9,5400,0,1,3,,1,064,"STATE ROUTE 198 (W/B)","FARMERSVILLE BOULEVARD",3538.00,E,N,C,-,Y,TUL,,198," ",R,15.268,H,,R,Y,4,0,1,2,A,-,01,23152,A,N,B,C,A,B,H,-,B,D,0,,,,,Y,Y,A,01,0,0,1,0,0,0,0,0,0,"- ","- ",36.326930999755859,-119.19757080078125,TULARE,UNINCORPORATED,-119.19757080078125,36.3267822265625
9456293,2022,2022-06-27,5407,2022-04-29,1223,M203,480,5,5,5,5407,0,0,0,,0,,"RT 216","MINERAL KING",0.00,,Y,A,-,Y,TUL,6,216,-,R,0.038,I,5,W,Y,4,0,1,2,A,-,12,21453,A,N,D,C,A,A,H,-,A,A,0,,,,,Y,,A,01,0,0,1,0,0,0,0,0,0,"- ","- ",36.328128814697266,-119.26077270507812,TULARE,VISALIA,-119.2608642578125,36.328159332275391
94570155,2024,2025-02-07,9480,2024-09-30,1337,018861,,1,1,9,5400,0,1,3,,1,044,"STATE ROUTE 198 (SIERRA DRIVE) WESTBOUND","HORSE CREEK ROAD",50.00,E,N,A,-,Y,TUL,,198," "," ",33.520,H,,L,Y,1,1,5,2,A,-,01,23152,A,N,A,C,A,A,H,-,A,D,0,,,,Y,Y,Y,A,01,2,2,1,0,0,0,0,0,0,"- ","- ",36.388401031494141,-118.94664764404297,TULARE,UNINCORPORATED,-118.94663238525391,36.388397216796875
94574445,2024,2025-02-11,9480,2024-12-09,1408,017291,,1,2,9,5400,0,1,3,,1,064,"STATE ROUTE 198 (EASTBOUND)","STATE ROUTE 99",207.00,E,N,A,-,Y,TUL,,198," ",R,3.899,H,,R,Y,1,1,3,2,A,-,07,21658,A,N,D,C,A,A,H,-,A,D,0,,,,Y,Y,,F,24,1,1,1,0,0,0,0,0,0,"- ","- ",36.326198577880859,-119.40576171875,TULARE,UNINCORPORATED,-119.40576171875,36.32623291015625
9493339,2022,2022-09-30,5407,2022-04-15,1901,M194,480,5,5,5,5407,0,0,0,,0,025,"W MINERAL KING AV","S MOONEY BL",23.00,E,N,A,-,Y,TUL,6,198,-,R,8.564,R,4,W,Y,2,0,1,2,A,-,01,23153,A,N,G,B,B,A,H,-,C,A,0,Y,,,,Y,Y,A,01,1,0,0,0,1,0,0,0,0,"- ","- ",36.327480316162109,-119.31401062011719,TULARE,VISALIA,-119.31743621826172,36.327293395996094
9504486,2022,2022-10-25,5407,2022-08-31,0746,M333,480,3,5,5,5407,0,0,0,,0,026,"RT 216","E HOUSTON AV",0.00,,Y,A,-,Y,TUL,6,216,-,R,1.960,I,5,E,N,4,0,1,2,A,-,11,21456,B,N,D,G,A,A,H,-,A,A,0,,Y,,,Y,,L,04,0,0,1,0,0,0,1,0,0,"- ","- ",,,TULARE,VISALIA,-119.26100158691406,36.341983795166016
9504490,2022,2022-10-27,5407,2022-08-19,1410,A361,480,5,5,5,5407,0,0,0,,0,026,"N MC AULIFF ST","HOUSTON AV",0.00,,Y,A,-,Y,TUL,6,216,-,-,2.640,I,5,E,Y,3,0,2,2,A,-,12,21453,A,N,D,C,A,A,H,-,A,A,0,,,,,Y,,A,01,0,2,0,0,0,0,0,0,0,"- ","- ",36.342029571533203,-119.25202941894531,TULARE,VISALIA,-119.24877166748047,36.342060089111328
9504494,2022,2022-10-25,5407,2022-09-14,0930,M226,480,3,5,5,5407,0,0,0,,0,026,"RT 216","N MC AULIFF ST",0.00,W,N,A,-,Y,TUL,6,216,-,-,2.390,H,-,W,Y,2,0,1,2,A,-,03,22350,,N,D,G,A,A,D,-,A,A,0,,Y,,,Y,,A,01,1,0,0,0,0,0,1,0,0,"- ","- ",36.342029571533203,-119.25202941894531,TULARE,VISALIA,-119.25331115722656,36.34210205078125
9532586,2022,2022-12-08,5403,2022-10-24,1649,848,,1,5,2,5403,0,0,0,,0,,"W NOBLE AV","RT 198",0.00,,Y,A,-,Y,TUL,6,198,-,R,14.533,R,4,E,N,4,0,1,2,A,-,09,21803,A,N,D,C,A,A,H,-,A,D,0,,,,,Y,,A,07,0,0,1,0,0,0,0,0,0,"- ",EF,,,TULARE,FARMERSVILLE,-119.21063232421875,36.326705932617188
9548497,2023,2023-02-24,5407,2023-01-04,1838,C57,480,3,5,5,5407,0,0,0,,0,011,"N AKERS ST","W MINERAL KING AV",0.00,,Y,A,-,Y,TUL,6,198,-,-,6.616,R,4,W,Y,2,0,2,2,A,-,08,22107,,N,A,C,A,B,H,-,C,A,0,,,,,Y,,A,01,1,0,1,0,0,0,0,0,0,"- ","- ",36.327239990234375,-119.34967803955078,TULARE,VISALIA,-119.35234069824219,36.327320098876953
9554523,2022,2023-03-20,5408,2022-03-27,1936,1958,5408,7,5,2,5408,0,0,0,,0,,"AVENUE 344","ST JOHNS RD",0.00,,-,A,-,Y,TUL,6,216,-,-,14.990,H,-,E,Y,4,0,1,1,A,-,04,21703,,N,E,I,A,A,H,-,D,D,0,,,,,Y,,A,01,0,0,1,0,0,0,0,0,0,"- ","- ",,,TULARE,WOODLAKE,-119.08123779296875,36.413711547851562
9568596,2023,2023-05-30,5407,2023-03-31,1145,M292,480,5,5,5,5407,0,0,0,,0,026,"N LOVERS LN","RT 198",0.00,,Y,A,-,Y,TUL,6,198,-,R,11.550,R,4,E,N,4,0,1,2,A,-,12,21453,,M,D,G,A,A,H,-,A,A,0,,Y,,,Y,,A,07,0,0,1,0,0,0,1,0,0,"- ",EF,36.332649230957031,-119.26071166992188,TULARE,VISALIA,-119.26401519775391,36.327320098876953
9569151,2023,2023-07-14,5407,2023-04-16,"931 ",C56,480,7,5,5,5407,0,0,0,,0,P33,"RT 198","S LOVERS LN",0.00,,Y,A,-,Y,TUL,6,198,-,R,11.550,R,4,E,N,4,0,1,2,A,-,10,21950,A,M,H,G,A,A,H,-,A,A,0,,Y,,,Y,,A,01,0,0,1,0,0,0,1,0,0,"- ","- ",36.327369689941406,-119.26078033447266,TULARE,VISALIA,-119.26401519775391,36.327320098876953
9596678,2023,2023-08-09,5407,2023-06-18,1813,A348,480,7,5,5,5407,0,0,0,,0,033,"E NOBLE","RT 198",0.00,,Y,A,-,Y,TUL,6,198,-,R,10.950,R,4,E,Y,3,0,3,2,A,-,12,21453,A,N,D,C,A,A,H,-,A,A,0,,,,,Y,,A,01,0,1,2,0,0,0,0,0,0,"- ",EO,36.325759887695312,-119.27655792236328,TULARE,VISALIA,-119.27464294433594,36.326286315917969
9604193,2023,2023-11-16,5407,2023-09-28,1252,M226,480,4,5,5,5407,0,0,0,,0,033,"RT 63","W NOBLE AV",0.00,,N,A,-,Y,TUL,6,198,-,R,8.953,R,4,E,Y,3,0,1,2,A,-,03,22350,,N,C,C,A,A,H,-,A,A,0,,,Y,,Y,,C,02,0,1,0,0,0,0,0,0,1,"- ","- ",36.326541900634766,-119.31400299072266,TULARE,VISALIA,-119.31050109863281,36.326908111572266
9628023,2023,2023-11-02,5407,2023-08-31,2045,12060,480,4,5,5,5407,0,0,0,,0,P33,"RT 198","LOVERS LN",263.00,E,Y,A,-,Y,TUL,6,198,-,R,11.550,R,4,E,Y,3,0,2,2,A,-,09,21804,A,N,B,C,A,A,H,-,C,A,0,,,,,Y,,A,01,0,2,0,0,0,0,0,0,0,"- ","- ",36.326629638671875,-119.26075744628906,TULARE,VISALIA,-119.26401519775391,36.327320098876953
9658835,2023,2024-04-05,5407,2023-12-14,"820 ",M186,480,4,5,5,5407,0,0,0,,0,,"RT 216",MCAULIFF,0.00,W,N,A,-,Y,TUL,6,216,-,-,2.300,H,-,E,Y,3,0,1,4,A,-,03,22350,,N,C,C,A,A,H,-,A,D,0,,,,,Y,,D,22,0,1,0,0,0,0,0,0,0,"- ","- ",,,TULARE,VISALIA,-119.25490570068359,36.341999053955078
9706492,2024,2024-07-26,5407,2024-06-03,"830 ",M292,480,1,5,5,5407,0,0,0,,0,026,"MINERAL KING AV","RT 198",0.00,,Y,A,-,Y,TUL,6,198,-,R,11.920,R,4,W,N,3,0,1,2,A,-,09,21801,A,N,A,C,A,A,H,-,A,A,0,,,,,Y,,A,01,0,1,0,0,0,0,0,0,0,"- ",WF,,,TULARE,VISALIA,-119.2574462890625,36.327362060546875
9747997,2024,2025-02-14,5407,2024-11-07,"736 ",12698,480,4,5,5,5407,0,0,0,,0,025,"RT 63","W MINERAL KING AV",0.00,,Y,A,-,Y,TUL,6,198,-,R,8.564,R,4,W,Y,3,0,1,2,A,-,12,21453,A,N,D,C,A,A,H,-,A,A,0,,,,,Y,,A,07,0,1,0,0,0,0,0,0,0,"- ","- ",,,TULARE,VISALIA,-119.31743621826172,36.327293395996094
9747999,2024,2025-01-29,5407,2024-11-10,"252 ",12787,480,7,5,5,5407,0,0,0,,0,012,NOBLE,AKERS,0.00,,Y,A,-,Y,TUL,6,198,-,-,6.985,R,4,E,Y,3,0,1,2,A,-,00,23103,A,F,H,I,A,A,H,-,C,A,0,,,,,Y,,-,99,0,1,0,0,0,0,0,0,0,"- ","- ",,,TULARE,VISALIA,-119.34568786621094,36.3272705078125
9769646,2024,2025-01-16,5407,2024-10-04,1029,M292,480,5,5,5,5407,0,0,0,,0,026,"LOVERS LN","ROOSEVELT AV",0.00,,Y,A,-,Y,TUL,6,216,-,R,0.824,I,5,W,Y,3,0,2,2,A,-,09,21801,A,N,D,C,A,A,H,-,A,A,0,,,,,Y,,A,07,0,1,1,0,0,0,0,0,0,"- ","- ",,,TULARE,VISALIA,-119.26100158691406,36.33953857421875
9770694,2024,2025-02-14,5407,2024-10-24,1053,M186,480,4,5,5,5407,0,0,0,,0,,"RT 63","MINERAL KING",0.00,,Y,A,-,Y,TUL,6,198,-,R,8.564,R,4,W,N,4,0,1,2,A,-,17,21235,G,N,D,B,A,A,H,-,A,A,0,,,,Y,Y,,M,94,0,0,1,0,0,0,0,0,0,"- ","- ",,,TULARE,VISALIA,-119.31743621826172,36.327293395996094